Date/Time,CO2,Temperature,Humidity
2021-07-31 12:16:18,675,82,39
2021-07-31 12:17:18,675,83,39
2021-07-31 12:18:18,674,82,39
2021-07-31 12:19:19,684,83,38
2021-07-31 12:20:19,685,83,39
2021-07-31 12:21:19,683,83,39
2021-07-31 12:22:19,677,83,39
2021-07-31 12:23:19,676,83,38
2021-07-31 12:24:19,684,83,38
2021-07-31 12:25:19,652,83,38
2021-07-31 12:26:20,667,83,38
2021-07-31 12:27:20,682,83,38
2021-07-31 12:28:20,682,83,38
2021-07-31 12:29:20,668,83,38
2021-07-31 12:30:20,676,83,38
2021-07-31 12:31:20,679,83,38
2021-07-31 12:32:21,677,82,38
2021-07-31 12:33:21,692,82,37
2021-07-31 12:34:21,682,82,37
2021-07-31 12:35:21,714,82,37
2021-07-31 12:36:21,675,82,39
2021-07-31 12:37:21,689,82,39
2021-07-31 12:38:21,677,82,39
2021-07-31 12:39:22,672,82,39
2021-07-31 12:40:22,672,82,39
2021-07-31 12:41:22,675,82,39
2021-07-31 12:42:22,677,83,39
2021-07-31 12:43:22,678,82,39
2021-07-31 12:44:22,683,83,38
2021-07-31 12:45:23,676,83,38
2021-07-31 12:46:23,687,83,38
2021-07-31 12:47:23,678,83,38
2021-07-31 12:48:23,676,83,38
2021-07-31 12:49:23,679,83,38
2021-07-31 12:50:23,673,83,38
2021-07-31 12:51:23,672,83,38
2021-07-31 12:52:23,675,83,38
2021-07-31 12:53:24,674,83,38
2021-07-31 12:54:24,663,83,39
2021-07-31 12:55:24,690,83,39
2021-07-31 12:56:24,689,83,39
2021-07-31 12:57:24,681,82,38
2021-07-31 12:58:24,685,82,38
2021-07-31 12:59:24,684,82,37
2021-07-31 13:00:24,708,82,37
2021-07-31 13:01:25,676,82,37
2021-07-31 13:02:25,676,82,39
2021-07-31 13:03:25,672,82,39
2021-07-31 13:04:25,667,82,39
2021-07-31 13:05:25,680,82,39
2021-07-31 13:06:25,675,83,39
2021-07-31 13:07:25,671,83,38
2021-07-31 13:08:25,665,83,38
2021-07-31 13:09:26,685,83,38
2021-07-31 13:10:26,683,83,38
2021-07-31 13:11:26,702,83,38
2021-07-31 13:12:26,685,83,38
2021-07-31 13:13:26,680,83,38
2021-07-31 13:14:26,680,83,38
2021-07-31 13:15:26,678,83,38
2021-07-31 13:16:26,672,83,38
2021-07-31 13:17:26,663,83,38
2021-07-31 13:18:27,679,83,39
2021-07-31 13:19:27,672,83,40
2021-07-31 13:20:27,668,83,40
2021-07-31 13:21:27,663,83,40
2021-07-31 13:22:27,667,82,39
2021-07-31 13:23:27,660,83,38
2021-07-31 13:24:27,652,82,38
2021-07-31 13:25:28,652,82,40
2021-07-31 13:26:28,653,82,40
2021-07-31 13:27:28,663,83,40
2021-07-31 13:28:28,658,83,39
2021-07-31 13:29:28,652,83,40
2021-07-31 13:30:28,672,83,39
2021-07-31 13:31:29,643,83,39
2021-07-31 13:32:29,660,83,39
2021-07-31 13:33:29,652,83,39
2021-07-31 13:34:29,667,83,39
2021-07-31 13:35:29,657,83,39
2021-07-31 13:36:29,656,83,39
2021-07-31 13:37:29,659,83,39
2021-07-31 13:38:29,654,83,39
2021-07-31 13:39:30,650,83,39
2021-07-31 13:40:30,651,83,39
2021-07-31 13:41:30,650,83,40
2021-07-31 13:42:30,653,83,39
2021-07-31 13:43:30,637,83,38
2021-07-31 13:44:30,648,83,38
2021-07-31 13:45:30,640,82,38
2021-07-31 13:46:30,643,82,38
2021-07-31 13:47:31,637,82,39
2021-07-31 13:48:31,630,82,40
2021-07-31 13:49:31,623,82,40
2021-07-31 13:50:31,625,82,40
2021-07-31 13:51:31,622,82,40
2021-07-31 13:52:31,621,83,39
2021-07-31 13:53:31,638,83,39
2021-07-31 13:54:31,629,83,39
2021-07-31 13:55:32,630,83,39
2021-07-31 13:56:32,636,83,39
2021-07-31 13:57:32,630,83,39
2021-07-31 13:58:32,626,83,39
2021-07-31 13:59:32,624,83,38
2021-07-31 14:00:32,629,83,38
2021-07-31 14:01:32,627,83,38
2021-07-31 14:02:32,625,83,38
2021-07-31 14:03:33,629,83,39
2021-07-31 14:04:33,628,83,39
2021-07-31 14:05:33,624,83,38
2021-07-31 14:06:33,624,83,38
2021-07-31 14:07:33,618,83,39
2021-07-31 14:08:33,616,83,39
2021-07-31 14:09:33,618,83,39
2021-07-31 14:10:34,627,83,38
2021-07-31 14:11:34,611,83,38
2021-07-31 14:12:34,618,83,37
2021-07-31 14:13:34,606,82,38
2021-07-31 14:14:34,598,82,38
2021-07-31 14:15:34,612,82,39
2021-07-31 14:16:35,596,82,39
2021-07-31 14:17:35,600,82,39
2021-07-31 14:18:35,596,83,39
2021-07-31 14:19:35,599,83,39
2021-07-31 14:20:35,606,82,39
2021-07-31 14:21:35,606,83,39
2021-07-31 14:22:35,601,83,39
2021-07-31 14:23:36,597,83,39
2021-07-31 14:24:36,611,83,38
2021-07-31 14:25:36,623,83,38
2021-07-31 14:26:36,601,83,38
2021-07-31 14:27:36,604,83,38
2021-07-31 14:28:36,597,83,38
2021-07-31 14:29:36,594,83,38
2021-07-31 14:30:36,594,83,38
2021-07-31 14:31:37,601,83,38
2021-07-31 14:32:37,606,83,38
2021-07-31 14:33:37,600,83,39
2021-07-31 14:34:37,595,83,40
2021-07-31 14:35:37,592,83,40
2021-07-31 14:36:37,588,83,40
2021-07-31 14:37:37,590,83,40
2021-07-31 14:38:37,577,83,39
2021-07-31 14:39:38,566,83,39
2021-07-31 14:40:38,581,82,39
2021-07-31 14:41:38,585,83,40
2021-07-31 14:42:38,580,83,40
2021-07-31 14:43:38,589,83,39
2021-07-31 14:44:38,584,83,40
2021-07-31 14:45:38,589,83,40
2021-07-31 14:46:38,588,83,39
2021-07-31 14:47:39,590,83,39
2021-07-31 14:48:39,582,83,39
2021-07-31 14:49:39,583,83,39
2021-07-31 14:50:39,584,83,39
2021-07-31 14:51:39,591,83,39
2021-07-31 14:52:39,592,83,39
2021-07-31 14:53:39,586,83,39
2021-07-31 14:54:39,574,83,39
2021-07-31 14:55:40,584,83,39
2021-07-31 14:56:40,584,83,39
2021-07-31 14:57:40,586,83,39
2021-07-31 14:58:40,584,83,39
2021-07-31 14:59:40,591,83,39
2021-07-31 15:00:40,578,83,38
2021-07-31 15:01:40,567,83,38
2021-07-31 15:02:40,569,83,37
2021-07-31 15:03:41,580,82,37
2021-07-31 15:04:41,563,82,38
2021-07-31 15:05:41,559,82,40
2021-07-31 15:06:41,554,82,39
2021-07-31 15:07:41,559,82,39
2021-07-31 15:08:41,561,82,39
2021-07-31 15:09:41,566,83,39
2021-07-31 15:10:41,567,83,39
2021-07-31 15:11:42,568,83,39
2021-07-31 15:12:42,566,83,39
2021-07-31 15:13:42,570,83,39
2021-07-31 15:14:42,572,83,38
2021-07-31 15:15:42,557,83,38
2021-07-31 15:16:42,560,83,38
2021-07-31 15:17:42,564,83,39
2021-07-31 15:18:43,565,83,38
2021-07-31 15:19:43,543,83,38
2021-07-31 15:20:43,558,83,38
2021-07-31 15:21:43,552,83,38
2021-07-31 15:22:43,557,83,38
2021-07-31 15:23:43,555,83,39
2021-07-31 15:24:43,551,83,40
2021-07-31 15:25:44,554,83,39
2021-07-31 15:26:44,539,83,38
2021-07-31 15:27:44,546,83,38
2021-07-31 15:28:44,536,83,38
2021-07-31 15:29:44,559,82,38
2021-07-31 15:30:44,548,82,39
2021-07-31 15:31:44,550,82,39
2021-07-31 15:32:45,546,82,40
2021-07-31 15:33:45,537,82,40
2021-07-31 15:34:45,550,82,39
2021-07-31 15:35:45,541,83,39
2021-07-31 15:36:45,539,83,39
2021-07-31 15:37:45,552,83,39
2021-07-31 15:38:45,543,83,39
2021-07-31 15:39:45,536,83,39
2021-07-31 15:40:46,540,83,39
2021-07-31 15:41:46,537,83,39
2021-07-31 15:42:46,564,83,38
2021-07-31 15:43:46,551,83,38
2021-07-31 15:44:46,546,83,38
2021-07-31 15:45:46,546,83,39
2021-07-31 15:46:46,544,83,38
2021-07-31 15:47:46,548,83,38
2021-07-31 15:48:47,539,83,38
2021-07-31 15:49:47,548,83,38
2021-07-31 15:50:47,559,83,39
2021-07-31 15:51:47,573,83,39
2021-07-31 15:52:47,581,83,38
2021-07-31 15:53:47,582,83,38
2021-07-31 15:54:47,591,83,38
2021-07-31 15:55:47,589,83,37
2021-07-31 15:56:48,563,82,37
2021-07-31 15:57:48,573,82,39
2021-07-31 15:58:48,569,82,39
2021-07-31 15:59:48,556,82,39
2021-07-31 16:00:48,566,83,39
2021-07-31 16:01:48,566,83,39
2021-07-31 16:02:48,565,83,39
2021-07-31 16:03:48,570,83,39
2021-07-31 16:04:49,572,83,38
2021-07-31 16:05:49,566,83,39
2021-07-31 16:06:49,571,83,38
2021-07-31 16:07:49,573,83,38
2021-07-31 16:08:49,565,83,38
2021-07-31 16:09:49,561,83,38
2021-07-31 16:10:49,571,83,38
2021-07-31 16:11:50,563,83,38
2021-07-31 16:12:50,569,83,38
2021-07-31 16:13:50,570,83,38
2021-07-31 16:14:50,562,83,38
2021-07-31 16:15:50,564,83,39
2021-07-31 16:16:50,586,83,39
2021-07-31 16:17:50,581,83,39
2021-07-31 16:18:50,585,83,38
2021-07-31 16:19:51,605,83,38
2021-07-31 16:20:51,601,83,38
2021-07-31 16:21:51,598,82,38
2021-07-31 16:22:51,594,82,39
2021-07-31 16:23:51,615,82,39
2021-07-31 16:24:51,588,82,40
2021-07-31 16:25:51,607,82,39
2021-07-31 16:26:51,605,82,39
2021-07-31 16:27:52,602,83,39
2021-07-31 16:28:52,599,83,39
2021-07-31 16:29:52,598,83,39
2021-07-31 16:30:52,597,83,38
2021-07-31 16:31:52,612,83,38
2021-07-31 16:32:52,597,83,38
2021-07-31 16:33:52,605,83,38
2021-07-31 16:34:52,622,83,38
2021-07-31 16:35:53,600,83,38
2021-07-31 16:36:53,632,83,38
2021-07-31 16:37:53,600,83,38
2021-07-31 16:38:53,591,83,38
2021-07-31 16:39:53,606,83,38
2021-07-31 16:40:53,599,83,38
2021-07-31 16:41:53,633,83,38
2021-07-31 16:42:53,569,83,37
2021-07-31 16:43:54,592,83,37
2021-07-31 16:44:54,623,82,37
2021-07-31 16:45:54,593,82,37
2021-07-31 16:46:54,594,82,39
2021-07-31 16:47:54,587,83,39
2021-07-31 16:48:54,593,83,39
2021-07-31 16:49:54,602,82,39
2021-07-31 16:50:54,589,83,39
2021-07-31 16:51:55,588,83,38
2021-07-31 16:52:55,593,83,38
2021-07-31 16:53:55,593,83,38
2021-07-31 16:54:55,598,83,38
2021-07-31 16:55:55,599,83,38
2021-07-31 16:56:55,601,83,38
2021-07-31 16:57:55,604,83,38
2021-07-31 16:58:56,606,83,38
2021-07-31 16:59:56,599,83,38
2021-07-31 17:00:56,609,83,38
2021-07-31 17:01:56,604,83,39
2021-07-31 17:02:56,602,83,39
2021-07-31 17:03:56,601,83,39
2021-07-31 17:04:56,598,83,38
2021-07-31 17:05:56,601,83,38
2021-07-31 17:06:57,599,82,38
2021-07-31 17:07:57,582,82,38
2021-07-31 17:08:57,576,83,39
2021-07-31 17:09:57,589,82,40
2021-07-31 17:10:57,602,83,39
2021-07-31 17:11:57,592,83,39
2021-07-31 17:12:57,591,83,39
2021-07-31 17:13:57,596,83,39
2021-07-31 17:14:58,595,83,38
2021-07-31 17:15:58,587,83,39
2021-07-31 17:16:58,588,83,38
2021-07-31 17:17:58,586,83,38
2021-07-31 17:18:58,591,83,38
2021-07-31 17:19:58,589,83,38
2021-07-31 17:20:58,591,83,38
2021-07-31 17:21:58,592,83,38
2021-07-31 17:22:59,605,83,40
2021-07-31 17:23:59,588,83,39
2021-07-31 17:24:59,597,83,39
2021-07-31 17:25:59,602,83,38
2021-07-31 17:26:59,582,82,38
2021-07-31 17:27:59,573,82,38
2021-07-31 17:28:59,585,82,38
2021-07-31 17:29:59,615,82,39
2021-07-31 17:31:00,585,82,39
2021-07-31 17:32:00,582,83,39
2021-07-31 17:33:00,576,82,39
2021-07-31 17:34:00,578,83,39
2021-07-31 17:35:00,577,83,39
2021-07-31 17:36:00,597,83,38
2021-07-31 17:37:00,594,83,39
2021-07-31 17:38:00,594,83,39
2021-07-31 17:39:01,602,83,38
2021-07-31 17:40:01,612,83,38
2021-07-31 17:41:01,591,83,38
2021-07-31 17:42:01,609,83,38
2021-07-31 17:43:01,614,83,39
2021-07-31 17:44:01,608,83,39
2021-07-31 17:45:01,632,83,39
2021-07-31 17:46:01,607,83,38
2021-07-31 17:47:02,601,83,38
2021-07-31 17:48:02,605,83,37
2021-07-31 17:49:02,592,82,38
2021-07-31 17:50:02,589,82,38
2021-07-31 17:51:02,601,82,39
2021-07-31 17:52:02,595,83,40
2021-07-31 17:53:02,588,82,40
2021-07-31 17:54:02,582,83,39
2021-07-31 17:55:03,590,83,39
2021-07-31 17:56:03,624,83,39
2021-07-31 17:57:03,600,83,39
2021-07-31 17:58:03,609,83,39
2021-07-31 17:59:03,626,83,38
2021-07-31 18:00:03,609,83,38
2021-07-31 18:01:03,609,83,38
2021-07-31 18:02:03,603,83,38
2021-07-31 18:03:04,603,83,38
2021-07-31 18:04:04,636,83,39
2021-07-31 18:05:04,603,83,40
2021-07-31 18:06:04,598,83,40
2021-07-31 18:07:04,604,83,40
2021-07-31 18:08:04,602,83,39
2021-07-31 18:09:04,600,83,39
2021-07-31 18:10:04,602,82,38
2021-07-31 18:11:05,622,82,38
2021-07-31 18:12:05,600,83,39
2021-07-31 18:13:05,607,83,40
2021-07-31 18:14:05,607,83,40
2021-07-31 18:15:05,617,83,40
2021-07-31 18:16:05,612,83,40
2021-07-31 18:17:05,606,83,40
2021-07-31 18:18:06,607,83,39
2021-07-31 18:19:06,616,83,39
2021-07-31 18:20:06,609,83,39
2021-07-31 18:21:06,619,83,39
2021-07-31 18:22:06,622,83,39
2021-07-31 18:23:06,617,83,39
2021-07-31 18:24:06,608,83,39
2021-07-31 18:25:06,611,83,39
2021-07-31 18:26:07,607,83,39
2021-07-31 18:27:07,608,83,40
2021-07-31 18:28:07,609,83,39
2021-07-31 18:29:07,613,83,39
2021-07-31 18:30:07,610,83,38
2021-07-31 18:31:07,609,83,38
2021-07-31 18:32:07,612,82,38
2021-07-31 18:33:08,600,82,38
2021-07-31 18:34:08,616,82,40
2021-07-31 18:35:08,605,82,40
2021-07-31 18:36:08,623,83,40
2021-07-31 18:37:08,596,83,40
2021-07-31 18:38:08,598,82,39
2021-07-31 18:39:08,599,83,39
2021-07-31 18:40:09,616,83,39
2021-07-31 18:41:09,634,83,39
2021-07-31 18:42:09,610,83,39
2021-07-31 18:43:09,607,83,39
2021-07-31 18:44:09,605,83,39
2021-07-31 18:45:09,603,83,39
2021-07-31 18:46:09,621,83,39
2021-07-31 18:47:09,605,83,39
2021-07-31 18:48:10,605,83,39
2021-07-31 18:49:10,619,83,39
2021-07-31 18:50:10,611,83,38
2021-07-31 18:51:10,604,82,38
2021-07-31 18:52:10,585,83,38
2021-07-31 18:53:10,613,82,38
2021-07-31 18:54:10,615,82,37
2021-07-31 18:55:10,605,82,39
2021-07-31 18:56:11,608,82,40
2021-07-31 18:57:11,582,83,39
2021-07-31 18:58:11,615,83,39
2021-07-31 18:59:11,603,83,39
2021-07-31 19:00:11,610,83,39
2021-07-31 19:01:11,603,83,39
2021-07-31 19:02:11,607,83,39
2021-07-31 19:03:11,614,83,38
2021-07-31 19:04:12,613,83,39
2021-07-31 19:05:12,613,83,39
2021-07-31 19:06:12,611,83,38
2021-07-31 19:07:12,617,83,38
2021-07-31 19:08:12,608,83,38
2021-07-31 19:09:12,609,83,38
2021-07-31 19:10:12,617,83,38
2021-07-31 19:11:12,613,83,39
2021-07-31 19:12:13,608,83,39
2021-07-31 19:13:13,615,83,38
2021-07-31 19:14:13,602,83,37
2021-07-31 19:15:13,618,83,37
2021-07-31 19:16:13,611,82,37
2021-07-31 19:17:13,609,82,38
2021-07-31 19:18:13,605,82,39
2021-07-31 19:19:13,604,82,40
2021-07-31 19:20:14,600,82,39
2021-07-31 19:21:14,607,82,39
2021-07-31 19:22:14,603,83,39
2021-07-31 19:23:14,621,83,38
2021-07-31 19:24:14,613,83,38
2021-07-31 19:25:14,627,83,38
2021-07-31 19:26:14,614,83,38
2021-07-31 19:27:14,619,83,38
2021-07-31 19:28:15,632,83,38
2021-07-31 19:29:15,632,83,38
2021-07-31 19:30:15,631,83,38
2021-07-31 19:31:15,635,83,38
2021-07-31 19:32:15,627,83,38
2021-07-31 19:33:15,627,83,40
2021-07-31 19:34:15,655,83,39
2021-07-31 19:35:16,602,83,38
2021-07-31 19:36:16,617,83,38
2021-07-31 19:37:16,607,82,38
2021-07-31 19:38:16,610,82,38
2021-07-31 19:39:16,604,82,38
2021-07-31 19:40:16,605,82,39
2021-07-31 19:41:16,604,82,40
2021-07-31 19:42:16,625,82,39
2021-07-31 19:43:17,601,83,39
2021-07-31 19:44:17,590,83,39
2021-07-31 19:45:17,603,83,39
2021-07-31 19:46:17,596,83,39
2021-07-31 19:47:17,597,83,39
2021-07-31 19:48:17,598,83,39
2021-07-31 19:49:17,598,83,38
2021-07-31 19:50:17,596,83,38
2021-07-31 19:51:18,603,83,38
2021-07-31 19:52:18,601,83,38
2021-07-31 19:53:18,610,83,38
2021-07-31 19:54:18,609,83,39
2021-07-31 19:55:18,613,83,39
2021-07-31 19:56:18,602,83,38
2021-07-31 19:57:18,594,83,38
2021-07-31 19:58:19,580,82,38
2021-07-31 19:59:19,583,82,38
2021-07-31 20:00:19,586,82,38
2021-07-31 20:01:19,572,82,39
2021-07-31 20:02:19,579,82,40
2021-07-31 20:03:19,580,82,40
2021-07-31 20:04:19,600,82,39
2021-07-31 20:05:19,581,83,39
2021-07-31 20:06:20,579,83,39
2021-07-31 20:07:20,579,83,39
2021-07-31 20:08:20,580,83,39
2021-07-31 20:09:20,594,83,39
2021-07-31 20:10:20,594,83,39
2021-07-31 20:11:20,594,83,39
2021-07-31 20:12:20,582,83,38
2021-07-31 20:13:20,592,83,39
2021-07-31 20:14:21,599,83,38
2021-07-31 20:15:21,579,83,38
2021-07-31 20:16:21,582,83,38
2021-07-31 20:17:21,590,83,38
2021-07-31 20:18:21,575,83,38
2021-07-31 20:19:21,582,83,39
2021-07-31 20:20:21,576,83,38
2021-07-31 20:21:21,581,82,38
2021-07-31 20:22:22,573,82,38
2021-07-31 20:23:22,615,82,37
2021-07-31 20:24:22,587,82,37
2021-07-31 20:25:22,583,82,38
2021-07-31 20:26:22,586,82,39
2021-07-31 20:27:22,581,82,39
2021-07-31 20:28:22,580,83,39
2021-07-31 20:29:22,568,82,39
2021-07-31 20:30:23,582,82,39
2021-07-31 20:31:23,578,82,39
2021-07-31 20:32:23,584,83,39
2021-07-31 20:33:23,580,83,38
2021-07-31 20:34:23,585,83,38
2021-07-31 20:35:23,588,83,38
2021-07-31 20:36:23,606,83,38
2021-07-31 20:37:24,582,83,38
2021-07-31 20:38:24,586,83,38
2021-07-31 20:39:24,578,83,38
2021-07-31 20:40:24,578,83,38
2021-07-31 20:41:24,576,83,38
2021-07-31 20:42:24,581,83,39
2021-07-31 20:43:24,587,83,40
2021-07-31 20:44:24,578,83,39
2021-07-31 20:45:25,577,83,39
2021-07-31 20:46:25,572,82,38
2021-07-31 20:47:25,576,82,38
2021-07-31 20:48:25,579,82,38
2021-07-31 20:49:25,577,82,39
2021-07-31 20:50:25,579,82,40
2021-07-31 20:51:25,574,82,40
2021-07-31 20:52:25,565,82,40
2021-07-31 20:53:26,581,82,40
2021-07-31 20:54:26,576,83,39
2021-07-31 20:55:26,579,82,39
2021-07-31 20:56:26,579,82,39
2021-07-31 20:57:26,593,83,39
2021-07-31 20:58:26,603,83,39
2021-07-31 20:59:26,622,83,39
2021-07-31 21:00:26,616,83,39
2021-07-31 21:01:27,646,83,39
2021-07-31 21:02:27,638,83,39
2021-07-31 21:03:27,642,83,39
2021-07-31 21:04:27,643,83,39
2021-07-31 21:05:27,641,83,39
2021-07-31 21:06:27,639,83,39
2021-07-31 21:07:27,642,83,39
2021-07-31 21:08:27,642,83,39
2021-07-31 21:09:28,633,83,39
2021-07-31 21:10:28,628,83,39
2021-07-31 21:11:28,638,83,39
2021-07-31 21:12:28,669,83,39
2021-07-31 21:13:28,630,83,39
2021-07-31 21:14:28,663,83,39
2021-07-31 21:15:28,623,83,39
2021-07-31 21:16:28,625,83,39
2021-07-31 21:17:29,624,83,39
2021-07-31 21:18:29,626,83,39
2021-07-31 21:19:29,615,83,39
2021-07-31 21:20:29,615,83,39
2021-07-31 21:21:29,616,83,39
2021-07-31 21:22:29,615,83,39
2021-07-31 21:23:29,622,83,39
2021-07-31 21:24:29,626,83,39
2021-07-31 21:25:30,639,83,39
2021-07-31 21:26:30,625,84,38
2021-07-31 21:27:30,614,83,39
2021-07-31 21:28:30,618,83,39
2021-07-31 21:29:30,610,83,39
2021-07-31 21:30:30,598,83,39
2021-07-31 21:31:30,603,83,39
2021-07-31 21:32:30,608,83,39
2021-07-31 21:33:31,608,83,39
2021-07-31 21:34:31,603,83,39
2021-07-31 21:35:31,606,83,39
2021-07-31 21:36:31,587,83,39
2021-07-31 21:37:31,603,83,39
2021-07-31 21:38:31,597,83,39
2021-07-31 21:39:31,600,83,39
2021-07-31 21:40:31,609,84,39
2021-07-31 21:41:32,597,84,39
2021-07-31 21:42:32,594,83,39
2021-07-31 21:43:32,593,84,38
2021-07-31 21:44:32,599,83,39
2021-07-31 21:45:32,598,83,39
2021-07-31 21:46:32,588,83,39
2021-07-31 21:47:32,589,83,39
2021-07-31 21:48:32,592,83,39
2021-07-31 21:49:33,586,83,39
2021-07-31 21:50:33,600,83,39
2021-07-31 21:51:33,591,84,39
2021-07-31 21:52:33,601,83,39
2021-07-31 21:53:33,590,84,39
2021-07-31 21:54:33,646,83,39
2021-07-31 21:55:33,598,84,39
2021-07-31 21:56:33,623,84,39
2021-07-31 21:57:34,607,84,39
2021-07-31 21:58:34,600,84,39
2021-07-31 21:59:34,599,83,39
2021-07-31 22:00:34,595,83,39
2021-07-31 22:01:34,609,83,39
2021-07-31 22:02:34,668,84,39
2021-07-31 22:03:34,601,84,38
2021-07-31 22:04:34,584,84,39
2021-07-31 22:05:35,603,84,39
2021-07-31 22:06:35,593,84,39
2021-07-31 22:07:35,596,84,39
2021-07-31 22:08:35,597,83,39
2021-07-31 22:09:35,612,83,39
2021-07-31 22:10:35,606,84,39
2021-07-31 22:11:35,602,83,39
2021-07-31 22:12:35,601,84,39
2021-07-31 22:13:36,601,83,39
2021-07-31 22:14:36,599,84,39
2021-07-31 22:15:36,593,83,39
2021-07-31 22:16:36,586,84,39
2021-07-31 22:17:36,588,83,39
2021-07-31 22:18:36,583,84,39
2021-07-31 22:19:36,587,83,39
2021-07-31 22:20:36,581,84,39
2021-07-31 22:21:37,588,84,39
2021-07-31 22:22:37,587,83,39
2021-07-31 22:23:37,566,84,39
2021-07-31 22:24:37,579,84,39
2021-07-31 22:25:37,596,84,39
2021-07-31 22:26:37,583,83,39
2021-07-31 22:27:37,585,84,39
2021-07-31 22:28:37,579,84,39
2021-07-31 22:29:38,581,84,39
2021-07-31 22:30:38,574,84,39
2021-07-31 22:31:38,575,84,39
2021-07-31 22:32:38,574,84,39
2021-07-31 22:33:38,572,84,39
2021-07-31 22:34:38,570,83,39
2021-07-31 22:35:38,570,84,39
2021-07-31 22:36:38,571,84,39
2021-07-31 22:37:39,577,83,39
2021-07-31 22:38:39,579,84,39
2021-07-31 22:39:39,582,83,39
2021-07-31 22:40:39,574,84,39
2021-07-31 22:41:39,567,84,39
2021-07-31 22:42:39,569,84,39
2021-07-31 22:43:39,568,84,39
2021-07-31 22:44:39,565,84,39
2021-07-31 22:45:40,566,83,39
2021-07-31 22:46:40,572,84,39
2021-07-31 22:47:40,569,84,39
2021-07-31 22:48:40,574,84,39
2021-07-31 22:49:40,567,84,39
2021-07-31 22:50:40,576,84,39
2021-07-31 22:51:40,571,84,39
2021-07-31 22:52:40,568,84,39
2021-07-31 22:53:41,580,84,39
2021-07-31 22:54:41,579,84,39
2021-07-31 22:55:41,571,84,39
2021-07-31 22:56:41,569,84,39
2021-07-31 22:57:41,566,84,39
2021-07-31 22:58:41,565,84,39
2021-07-31 22:59:41,566,83,39
2021-07-31 23:00:41,559,83,39
2021-07-31 23:01:42,573,82,41
2021-07-31 23:02:42,574,81,41
2021-07-31 23:03:42,566,81,42
2021-07-31 23:04:42,565,80,42
2021-07-31 23:05:42,566,80,43
2021-07-31 23:06:42,567,80,44
2021-07-31 23:07:42,568,79,44
2021-07-31 23:08:42,569,79,44
2021-07-31 23:09:43,563,79,44
2021-07-31 23:10:43,561,79,44
2021-07-31 23:11:43,564,79,45
2021-07-31 23:12:43,556,79,45
2021-07-31 23:13:43,554,79,45
2021-07-31 23:14:43,556,78,45
2021-07-31 23:15:43,553,78,45
2021-07-31 23:16:43,554,78,45
2021-07-31 23:17:44,557,78,45
2021-07-31 23:18:44,556,78,45
2021-07-31 23:19:44,555,78,45
2021-07-31 23:20:44,553,78,46
2021-07-31 23:21:44,553,78,46
2021-07-31 23:22:44,552,78,46
2021-07-31 23:23:44,550,78,46
2021-07-31 23:24:44,547,78,46
2021-07-31 23:25:45,547,78,46
2021-07-31 23:26:45,547,78,46
2021-07-31 23:27:45,549,78,46
2021-07-31 23:28:45,549,78,46
2021-07-31 23:29:45,548,78,46
2021-07-31 23:30:45,547,78,46
2021-07-31 23:31:45,546,78,46
2021-07-31 23:32:45,546,77,47
2021-07-31 23:33:46,546,77,46
2021-07-31 23:34:46,550,77,47
2021-07-31 23:35:46,549,77,47
2021-07-31 23:36:46,549,77,47
2021-07-31 23:37:46,549,77,47
2021-07-31 23:38:46,547,77,47
2021-07-31 23:39:46,547,77,47
2021-07-31 23:40:46,545,77,47
2021-07-31 23:41:47,545,77,47
2021-07-31 23:42:47,545,77,47
2021-07-31 23:43:47,546,77,47
2021-07-31 23:44:47,547,77,47
2021-07-31 23:45:47,547,77,47
2021-07-31 23:46:47,545,77,47
2021-07-31 23:47:47,545,77,47
2021-07-31 23:48:47,547,77,47
2021-07-31 23:49:48,546,77,47
2021-07-31 23:50:48,545,77,47
2021-07-31 23:51:48,543,77,47
2021-07-31 23:52:48,542,77,47
2021-07-31 23:53:48,543,77,47
2021-07-31 23:54:48,540,77,47
2021-07-31 23:55:48,540,77,47
2021-07-31 23:56:49,541,77,47
2021-07-31 23:57:49,543,77,47
2021-07-31 23:58:49,544,77,47
2021-07-31 23:59:49,542,77,47
2021-08-01 00:00:49,541,77,47
2021-08-01 00:01:49,541,77,47
2021-08-01 00:02:49,546,77,47
2021-08-01 00:03:49,544,77,47
2021-08-01 00:04:50,545,77,47
2021-08-01 00:05:50,543,77,47
2021-08-01 00:06:50,540,77,47
2021-08-01 00:07:50,539,77,47
2021-08-01 00:08:50,537,77,48
2021-08-01 00:09:50,537,77,48
2021-08-01 00:10:50,537,77,48
2021-08-01 00:11:50,538,77,48
2021-08-01 00:12:51,541,77,48
2021-08-01 00:13:51,544,77,48
2021-08-01 00:14:51,545,76,48
2021-08-01 00:15:51,544,76,48
2021-08-01 00:16:51,545,76,48
2021-08-01 00:17:51,546,76,48
2021-08-01 00:18:51,543,76,48
2021-08-01 00:19:51,542,76,48
2021-08-01 00:20:52,542,76,48
2021-08-01 00:21:52,542,76,48
2021-08-01 00:22:52,541,76,48
2021-08-01 00:23:52,541,76,48
2021-08-01 00:24:52,541,76,48
2021-08-01 00:25:52,540,76,48
2021-08-01 00:26:52,539,76,48
2021-08-01 00:27:52,538,76,48
2021-08-01 00:28:53,536,76,48
2021-08-01 00:29:53,535,76,48
2021-08-01 00:30:53,534,76,48
2021-08-01 00:31:53,535,76,48
2021-08-01 00:32:53,536,76,48
2021-08-01 00:33:53,535,76,48
2021-08-01 00:34:53,533,76,48
2021-08-01 00:35:53,535,76,48
2021-08-01 00:36:54,533,76,48
2021-08-01 00:37:54,533,76,48
2021-08-01 00:38:54,532,76,48
2021-08-01 00:39:54,532,76,48
2021-08-01 00:40:54,531,76,48
2021-08-01 00:41:54,530,76,48
2021-08-01 00:42:54,528,76,48
2021-08-01 00:43:54,528,76,48
2021-08-01 00:44:55,526,76,48
2021-08-01 00:45:55,528,76,48
2021-08-01 00:46:55,527,76,48
2021-08-01 00:47:55,525,76,48
2021-08-01 00:48:55,527,76,48
2021-08-01 00:49:55,528,76,48
2021-08-01 00:50:55,527,76,48
2021-08-01 00:51:55,527,76,49
2021-08-01 00:52:56,525,76,49
2021-08-01 00:53:56,527,76,49
2021-08-01 00:54:56,525,76,49
2021-08-01 00:55:56,526,76,49
2021-08-01 00:56:56,527,76,49
2021-08-01 00:57:56,528,76,49
2021-08-01 00:58:56,529,76,49
2021-08-01 00:59:56,527,76,49
2021-08-01 01:00:57,525,76,49
2021-08-01 01:01:57,524,76,49
2021-08-01 01:02:57,524,76,49
2021-08-01 01:03:57,521,76,49
2021-08-01 01:04:57,519,76,49
2021-08-01 01:05:57,518,76,49
2021-08-01 01:06:57,518,76,49
2021-08-01 01:07:57,519,76,49
2021-08-01 01:08:58,518,76,49
2021-08-01 01:09:58,519,76,49
2021-08-01 01:10:58,519,76,49
2021-08-01 01:11:58,519,76,49
2021-08-01 01:12:58,518,76,49
2021-08-01 01:13:58,523,76,49
2021-08-01 01:14:58,522,76,49
2021-08-01 01:15:58,521,76,49
2021-08-01 01:16:59,521,76,49
2021-08-01 01:17:59,519,76,49
2021-08-01 01:18:59,518,76,49
2021-08-01 01:19:59,521,76,49
2021-08-01 01:20:59,522,76,49
2021-08-01 01:21:59,525,76,49
2021-08-01 01:22:59,523,76,49
2021-08-01 01:23:59,524,76,49
2021-08-01 01:25:00,526,76,49
2021-08-01 01:26:00,527,76,49
2021-08-01 01:27:00,528,76,49
2021-08-01 01:28:00,526,76,49
2021-08-01 01:29:00,525,76,49
2021-08-01 01:30:00,522,76,49
2021-08-01 01:31:00,521,76,49
2021-08-01 01:32:00,518,76,49
2021-08-01 01:33:01,517,76,49
2021-08-01 01:34:01,515,76,49
2021-08-01 01:35:01,515,76,49
2021-08-01 01:36:01,517,76,49
2021-08-01 01:37:01,518,76,49
2021-08-01 01:38:01,517,76,49
2021-08-01 01:39:01,518,75,49
2021-08-01 01:40:02,517,76,49
2021-08-01 01:41:02,517,76,49
2021-08-01 01:42:02,519,75,49
2021-08-01 01:43:02,519,76,49
2021-08-01 01:44:02,517,75,49
2021-08-01 01:45:02,515,76,49
2021-08-01 01:46:02,513,75,49
2021-08-01 01:47:02,511,75,49
2021-08-01 01:48:03,508,75,49
2021-08-01 01:49:03,509,75,49
2021-08-01 01:50:03,509,76,49
2021-08-01 01:51:03,508,75,49
2021-08-01 01:52:03,509,75,49
2021-08-01 01:53:03,511,75,49
2021-08-01 01:54:03,510,75,49
2021-08-01 01:55:04,513,75,49
2021-08-01 01:56:04,513,75,49
2021-08-01 01:57:04,514,75,49
2021-08-01 01:58:04,513,75,49
2021-08-01 01:59:04,513,75,49
2021-08-01 02:00:04,512,75,49
2021-08-01 02:01:04,513,75,49
2021-08-01 02:02:04,512,75,49
2021-08-01 02:03:05,511,75,49
2021-08-01 02:04:05,509,75,49
2021-08-01 02:05:05,510,75,49
2021-08-01 02:06:05,509,75,49
2021-08-01 02:07:05,509,75,49
2021-08-01 02:08:05,509,75,49
2021-08-01 02:09:05,508,75,49
2021-08-01 02:10:05,508,75,49
2021-08-01 02:11:06,506,75,49
2021-08-01 02:12:06,509,75,49
2021-08-01 02:13:06,512,75,49
2021-08-01 02:14:06,512,75,49
2021-08-01 02:15:06,509,75,49
2021-08-01 02:16:06,505,75,49
2021-08-01 02:17:06,505,75,49
2021-08-01 02:18:06,504,75,49
2021-08-01 02:19:07,502,75,50
2021-08-01 02:20:07,498,75,49
2021-08-01 02:21:07,498,75,49
2021-08-01 02:22:07,497,75,50
2021-08-01 02:23:07,497,75,49
2021-08-01 02:24:07,497,75,49
2021-08-01 02:25:07,497,75,50
2021-08-01 02:26:07,496,75,50
2021-08-01 02:27:08,492,75,50
2021-08-01 02:28:08,493,75,50
2021-08-01 02:29:08,495,75,50
2021-08-01 02:30:08,495,75,50
2021-08-01 02:31:08,494,75,50
2021-08-01 02:32:08,495,75,50
2021-08-01 02:33:08,497,75,50
2021-08-01 02:34:09,498,75,50
2021-08-01 02:35:09,498,75,50
2021-08-01 02:36:09,500,75,50
2021-08-01 02:37:09,501,75,50
2021-08-01 02:38:09,496,75,50
2021-08-01 02:39:09,493,75,50
2021-08-01 02:40:09,493,75,50
2021-08-01 02:41:09,494,75,50
2021-08-01 02:42:10,495,75,50
2021-08-01 02:43:10,496,75,50
2021-08-01 02:44:10,499,75,50
2021-08-01 02:45:10,499,75,50
2021-08-01 02:46:10,502,75,50
2021-08-01 02:47:10,499,75,50
2021-08-01 02:48:10,500,75,50
2021-08-01 02:49:10,497,75,50
2021-08-01 02:50:11,498,75,50
2021-08-01 02:51:11,497,75,50
2021-08-01 02:52:11,494,75,50
2021-08-01 02:53:11,498,75,50
2021-08-01 02:54:11,499,75,50
2021-08-01 02:55:11,499,75,50
2021-08-01 02:56:11,500,75,50
2021-08-01 02:57:11,500,75,50
2021-08-01 02:58:12,501,75,50
2021-08-01 02:59:12,501,75,50
2021-08-01 03:00:12,500,75,50
2021-08-01 03:01:12,499,75,50
2021-08-01 03:02:12,499,75,50
2021-08-01 03:03:12,498,75,50
2021-08-01 03:04:12,498,75,50
2021-08-01 03:05:12,500,75,50
2021-08-01 03:06:13,500,75,50
2021-08-01 03:07:13,499,75,50
2021-08-01 03:08:13,499,75,50
2021-08-01 03:09:13,501,75,50
2021-08-01 03:10:13,502,75,50
2021-08-01 03:11:13,504,75,50
2021-08-01 03:12:13,503,75,50
2021-08-01 03:13:13,504,75,50
2021-08-01 03:14:14,505,75,50
2021-08-01 03:15:14,506,75,50
2021-08-01 03:16:14,505,75,50
2021-08-01 03:17:14,505,75,50
2021-08-01 03:18:14,506,75,50
2021-08-01 03:19:14,505,75,50
2021-08-01 03:20:14,505,75,50
2021-08-01 03:21:14,503,75,50
2021-08-01 03:22:15,500,75,50
2021-08-01 03:23:15,499,75,50
2021-08-01 03:24:15,499,75,50
2021-08-01 03:25:15,502,75,50
2021-08-01 03:26:15,500,75,50
2021-08-01 03:27:15,501,75,50
2021-08-01 03:28:15,499,75,50
2021-08-01 03:29:15,497,75,50
2021-08-01 03:30:16,497,75,50
2021-08-01 03:31:16,495,75,50
2021-08-01 03:32:16,495,75,50
2021-08-01 03:33:16,495,75,50
2021-08-01 03:34:16,496,75,50
2021-08-01 03:35:16,496,75,50
2021-08-01 03:36:16,498,75,50
2021-08-01 03:37:16,500,75,50
2021-08-01 03:38:17,500,75,51
2021-08-01 03:39:17,498,75,51
2021-08-01 03:40:17,496,75,51
2021-08-01 03:41:17,494,75,51
2021-08-01 03:42:17,495,75,50
2021-08-01 03:43:17,499,75,51
2021-08-01 03:44:17,501,75,51
2021-08-01 03:45:17,503,75,51
2021-08-01 03:46:18,504,75,51
2021-08-01 03:47:18,503,75,51
2021-08-01 03:48:18,500,75,51
2021-08-01 03:49:18,501,75,51
2021-08-01 03:50:18,501,75,51
2021-08-01 03:51:18,502,75,51
2021-08-01 03:52:18,505,75,51
2021-08-01 03:53:18,506,75,51
2021-08-01 03:54:19,505,75,51
2021-08-01 03:55:19,503,75,51
2021-08-01 03:56:19,501,75,51
2021-08-01 03:57:19,504,75,51
2021-08-01 03:58:19,502,75,51
2021-08-01 03:59:19,502,75,51
2021-08-01 04:00:19,503,75,51
2021-08-01 04:01:19,505,75,51
2021-08-01 04:02:20,501,75,51
2021-08-01 04:03:20,501,75,51
2021-08-01 04:04:20,502,75,51
2021-08-01 04:05:20,502,75,51
2021-08-01 04:06:20,504,75,51
2021-08-01 04:07:20,506,75,51
2021-08-01 04:08:20,506,75,51
2021-08-01 04:09:20,506,75,51
2021-08-01 04:10:21,506,75,52
2021-08-01 04:11:21,506,75,52
2021-08-01 04:12:21,504,75,52
2021-08-01 04:13:21,504,75,51
2021-08-01 04:14:21,500,75,51
2021-08-01 04:15:21,500,75,52
2021-08-01 04:16:21,501,75,52
2021-08-01 04:17:21,501,75,52
2021-08-01 04:18:22,500,75,52
2021-08-01 04:19:22,499,75,52
2021-08-01 04:20:22,497,75,52
2021-08-01 04:21:22,498,75,52
2021-08-01 04:22:22,497,75,52
2021-08-01 04:23:22,497,75,52
2021-08-01 04:24:22,497,75,52
2021-08-01 04:25:22,496,75,52
2021-08-01 04:26:23,496,75,52
2021-08-01 04:27:23,495,75,52
2021-08-01 04:28:23,496,75,52
2021-08-01 04:29:23,497,75,52
2021-08-01 04:30:23,496,75,52
2021-08-01 04:31:23,497,75,52
2021-08-01 04:32:23,497,75,52
2021-08-01 04:33:23,497,75,52
2021-08-01 04:34:24,499,75,52
2021-08-01 04:35:24,500,75,52
2021-08-01 04:36:24,501,75,52
2021-08-01 04:37:24,505,75,52
2021-08-01 04:38:24,504,75,52
2021-08-01 04:39:24,504,75,52
2021-08-01 04:40:24,504,75,52
2021-08-01 04:41:24,505,75,52
2021-08-01 04:42:24,504,75,52
2021-08-01 04:43:24,501,75,52
2021-08-01 04:44:25,497,75,52
2021-08-01 04:45:25,498,75,52
2021-08-01 04:46:25,497,75,52
2021-08-01 04:47:25,497,75,52
2021-08-01 04:48:25,496,75,52
2021-08-01 04:49:25,496,75,52
2021-08-01 04:50:25,496,75,52
2021-08-01 04:51:26,497,75,52
2021-08-01 04:52:26,498,75,52
2021-08-01 04:53:26,495,75,52
2021-08-01 04:54:26,495,75,52
2021-08-01 04:55:26,493,75,53
2021-08-01 04:56:26,492,75,52
2021-08-01 04:57:26,491,75,52
2021-08-01 04:58:26,490,75,52
2021-08-01 04:59:26,492,75,53
2021-08-01 05:00:27,494,75,50
2021-08-01 05:01:27,489,76,48
2021-08-01 05:02:27,488,77,47
2021-08-01 05:03:27,487,78,46
2021-08-01 05:04:27,487,78,45
2021-08-01 05:05:27,484,79,45
2021-08-01 05:06:27,487,79,44
2021-08-01 05:07:27,479,80,44
2021-08-01 05:08:28,484,80,43
2021-08-01 05:09:28,483,80,43
2021-08-01 05:10:28,484,80,43
2021-08-01 05:11:28,484,80,43
2021-08-01 05:12:28,479,80,43
2021-08-01 05:13:28,474,80,44
2021-08-01 05:14:28,475,80,44
2021-08-01 05:15:28,474,81,43
2021-08-01 05:16:29,477,81,43
2021-08-01 05:17:29,475,81,43
2021-08-01 05:18:29,481,81,43
2021-08-01 05:19:29,474,81,43
2021-08-01 05:20:29,481,81,42
2021-08-01 05:21:29,483,81,42
2021-08-01 05:22:29,489,81,42
2021-08-01 05:23:29,488,81,42
2021-08-01 05:24:30,491,81,42
2021-08-01 05:25:30,489,81,42
2021-08-01 05:26:30,509,81,42
2021-08-01 05:27:30,496,81,42
2021-08-01 05:28:30,491,81,42
2021-08-01 05:29:30,498,82,42
2021-08-01 05:30:30,501,82,42
2021-08-01 05:31:30,510,82,42
2021-08-01 05:32:31,507,82,42
2021-08-01 05:33:31,505,82,42
2021-08-01 05:34:31,509,82,41
2021-08-01 05:35:31,503,82,41
2021-08-01 05:36:31,515,82,41
2021-08-01 05:37:31,507,82,41
2021-08-01 05:38:31,521,82,41
2021-08-01 05:39:31,507,82,41
2021-08-01 05:40:32,509,82,41
2021-08-01 05:41:32,533,82,41
2021-08-01 05:42:32,509,82,41
2021-08-01 05:43:32,502,82,41
2021-08-01 05:44:32,498,82,41
2021-08-01 05:45:32,530,82,41
2021-08-01 05:46:32,509,82,41
2021-08-01 05:47:32,508,82,41
2021-08-01 05:48:33,504,82,41
2021-08-01 05:49:33,504,82,41
2021-08-01 05:50:33,497,82,41
2021-08-01 05:51:33,500,82,42
2021-08-01 05:52:33,505,82,41
2021-08-01 05:53:33,508,82,42
2021-08-01 05:54:33,508,82,42
2021-08-01 05:55:33,513,82,42
2021-08-01 05:56:34,513,82,41
2021-08-01 05:57:34,512,82,41
2021-08-01 05:58:34,535,82,41
2021-08-01 05:59:34,529,82,41
2021-08-01 06:00:34,531,82,41
2021-08-01 06:01:34,525,82,41
2021-08-01 06:02:34,523,82,41
2021-08-01 06:03:34,530,82,41
2021-08-01 06:04:35,528,82,41
2021-08-01 06:05:35,529,82,41
2021-08-01 06:06:35,513,82,41
2021-08-01 06:07:35,517,82,41
2021-08-01 06:08:35,516,82,41
2021-08-01 06:09:35,517,82,41
2021-08-01 06:10:35,520,82,41
2021-08-01 06:11:35,521,82,41
2021-08-01 06:12:36,518,82,41
2021-08-01 06:13:36,519,82,41
2021-08-01 06:14:36,513,82,41
2021-08-01 06:15:36,513,82,41
2021-08-01 06:16:36,507,82,41
2021-08-01 06:17:36,523,82,41
2021-08-01 06:18:36,517,82,41
2021-08-01 06:19:36,529,83,41
2021-08-01 06:20:37,524,83,41
2021-08-01 06:21:37,521,83,41
2021-08-01 06:22:37,527,83,41
2021-08-01 06:23:37,536,83,41
2021-08-01 06:24:37,541,83,41
2021-08-01 06:25:37,541,83,41
2021-08-01 06:26:37,536,83,41
2021-08-01 06:27:37,537,83,41
2021-08-01 06:28:38,537,83,41
2021-08-01 06:29:38,536,83,41
2021-08-01 06:30:38,530,83,41
2021-08-01 06:31:38,531,83,41
2021-08-01 06:32:38,536,83,41
2021-08-01 06:33:38,538,83,41
2021-08-01 06:34:38,532,83,41
2021-08-01 06:35:38,532,83,41
2021-08-01 06:36:39,534,83,41
2021-08-01 06:37:39,539,83,41
2021-08-01 06:38:39,532,83,41
2021-08-01 06:39:39,525,83,41
2021-08-01 06:40:39,529,83,41
2021-08-01 06:41:39,528,83,40
2021-08-01 06:42:39,531,83,41
2021-08-01 06:43:39,530,83,41
2021-08-01 06:44:40,530,83,40
2021-08-01 06:45:40,536,83,40
2021-08-01 06:46:40,529,83,40
2021-08-01 06:47:40,541,83,41
2021-08-01 06:48:40,538,83,41
2021-08-01 06:49:40,541,83,41
2021-08-01 06:50:40,537,83,41
2021-08-01 06:51:40,541,83,41
2021-08-01 06:52:41,536,83,40
2021-08-01 06:53:41,545,83,40
2021-08-01 06:54:41,546,83,40
2021-08-01 06:55:41,546,83,41
2021-08-01 06:56:41,544,83,40
2021-08-01 06:57:41,544,83,41
2021-08-01 06:58:41,548,83,41
2021-08-01 06:59:41,550,83,41
2021-08-01 07:00:42,557,83,41
2021-08-01 07:01:42,557,83,41
2021-08-01 07:02:42,552,83,41
2021-08-01 07:03:42,550,83,40
2021-08-01 07:04:42,547,83,41
2021-08-01 07:05:42,557,83,41
2021-08-01 07:06:42,557,83,41
2021-08-01 07:07:42,571,83,41
2021-08-01 07:08:43,577,83,41
2021-08-01 07:09:43,581,83,41
2021-08-01 07:10:43,599,83,41
2021-08-01 07:11:43,588,83,41
2021-08-01 07:12:43,594,83,41
2021-08-01 07:13:43,598,83,41
2021-08-01 07:14:43,616,83,41
2021-08-01 07:15:43,604,83,41
2021-08-01 07:16:44,602,83,41
2021-08-01 07:17:44,593,83,41
2021-08-01 07:18:44,593,83,41
2021-08-01 07:19:44,587,83,41
2021-08-01 07:20:44,588,83,41
2021-08-01 07:21:44,590,83,41
2021-08-01 07:22:44,591,83,41
2021-08-01 07:23:45,608,83,41
2021-08-01 07:24:45,611,83,41
2021-08-01 07:25:45,616,83,41
2021-08-01 07:26:45,617,83,41
2021-08-01 07:27:45,619,83,41
2021-08-01 07:28:45,621,83,41
2021-08-01 07:29:45,633,83,41
2021-08-01 07:30:45,628,83,41
2021-08-01 07:31:46,634,83,41
2021-08-01 07:32:46,632,83,41
2021-08-01 07:33:46,628,83,41
2021-08-01 07:34:46,638,83,41
2021-08-01 07:35:46,644,83,41
2021-08-01 07:36:46,641,83,41
2021-08-01 07:37:46,654,83,41
2021-08-01 07:38:47,648,83,41
2021-08-01 07:39:47,640,83,41
2021-08-01 07:40:47,636,83,41
2021-08-01 07:41:47,651,83,41
2021-08-01 07:42:47,665,83,41
2021-08-01 07:43:47,649,83,41
2021-08-01 07:44:47,675,83,41
2021-08-01 07:45:48,678,83,41
2021-08-01 07:46:48,685,83,41
2021-08-01 07:47:48,685,83,41
2021-08-01 07:48:48,692,83,41
2021-08-01 07:49:48,696,83,41
2021-08-01 07:50:48,701,83,42
2021-08-01 07:51:48,703,83,42
2021-08-01 07:52:49,703,83,41
2021-08-01 07:53:49,706,83,41
2021-08-01 07:54:49,713,83,42
2021-08-01 07:55:49,716,83,41
2021-08-01 07:56:49,715,83,41
2021-08-01 07:57:49,738,83,41
2021-08-01 07:58:49,708,83,41
2021-08-01 07:59:49,721,83,41
2021-08-01 08:00:50,719,83,41
2021-08-01 08:01:50,711,83,41
2021-08-01 08:02:50,730,83,41
2021-08-01 08:03:50,723,84,41
2021-08-01 08:04:50,724,84,41
2021-08-01 08:05:50,731,83,42
2021-08-01 08:06:51,728,83,42
2021-08-01 08:07:51,764,83,42
2021-08-01 08:08:51,752,83,42
2021-08-01 08:09:51,761,83,42
2021-08-01 08:10:51,756,83,42
2021-08-01 08:11:52,752,83,42
2021-08-01 08:12:52,754,83,42
2021-08-01 08:13:52,765,83,42
2021-08-01 08:14:52,756,84,42
2021-08-01 08:15:52,784,83,42
2021-08-01 08:16:52,764,84,42
2021-08-01 08:17:52,769,84,42
2021-08-01 08:18:52,770,84,42
2021-08-01 08:19:53,782,83,42
2021-08-01 08:20:53,782,83,42
2021-08-01 08:21:53,779,84,42
2021-08-01 08:22:53,785,84,42
2021-08-01 08:23:53,771,84,42
2021-08-01 08:24:53,776,84,42
2021-08-01 08:25:53,777,84,42
2021-08-01 08:26:53,782,84,42
2021-08-01 08:27:54,777,84,41
2021-08-01 08:28:54,778,83,42
2021-08-01 08:29:54,774,83,42
2021-08-01 08:30:54,777,84,41
2021-08-01 08:31:54,786,83,42
2021-08-01 08:32:54,782,84,42
2021-08-01 08:33:54,778,84,42
2021-08-01 08:34:54,754,84,42
2021-08-01 08:35:55,753,84,42
2021-08-01 08:36:55,762,84,41
2021-08-01 08:37:55,767,84,42
2021-08-01 08:38:55,782,84,41
2021-08-01 08:39:55,766,84,41
2021-08-01 08:40:55,771,84,41
2021-08-01 08:41:55,766,84,42
2021-08-01 08:42:55,757,83,42
2021-08-01 08:43:56,773,83,42
2021-08-01 08:44:56,761,83,42
2021-08-01 08:45:56,766,84,41
2021-08-01 08:46:56,763,84,41
2021-08-01 08:47:56,779,84,41
2021-08-01 08:48:56,760,83,42
2021-08-01 08:49:56,756,84,41
2021-08-01 08:50:57,752,84,41
2021-08-01 08:51:57,751,84,41
2021-08-01 08:52:57,752,84,41
2021-08-01 08:53:57,748,84,41
2021-08-01 08:54:57,740,84,41
2021-08-01 08:55:57,748,84,41
2021-08-01 08:56:57,746,84,41
2021-08-01 08:57:57,755,84,41
2021-08-01 08:58:58,748,83,42
2021-08-01 08:59:58,754,84,41
2021-08-01 09:00:58,780,84,42
2021-08-01 09:01:58,767,84,42
2021-08-01 09:02:58,769,84,42
2021-08-01 09:03:58,778,84,42
2021-08-01 09:04:58,775,84,42
2021-08-01 09:05:58,794,83,42
2021-08-01 09:06:59,791,84,42
2021-08-01 09:07:59,805,84,42
2021-08-01 09:08:59,818,84,42
2021-08-01 09:09:59,820,84,42
2021-08-01 09:10:59,820,84,42
2021-08-01 09:11:59,821,84,42
2021-08-01 09:12:59,822,84,42
2021-08-01 09:13:59,820,84,42
2021-08-01 09:15:00,819,84,42
2021-08-01 09:16:00,821,84,42
2021-08-01 09:17:00,815,84,42
2021-08-01 09:18:00,819,84,42
2021-08-01 09:19:00,818,84,43
2021-08-01 09:20:00,813,84,42
2021-08-01 09:21:00,816,84,42
2021-08-01 09:22:01,820,84,42
2021-08-01 09:23:01,823,84,42
2021-08-01 09:24:01,813,84,42
2021-08-01 09:25:01,813,84,42
2021-08-01 09:26:01,821,84,42
2021-08-01 09:27:01,809,84,42
2021-08-01 09:28:01,827,84,42
2021-08-01 09:29:02,818,84,42
2021-08-01 09:30:02,818,84,42
2021-08-01 09:31:02,831,84,42
2021-08-01 09:32:02,827,84,42
2021-08-01 09:33:02,816,84,42
2021-08-01 09:34:02,826,84,42
2021-08-01 09:35:02,827,84,42
2021-08-01 09:36:02,840,84,42
2021-08-01 09:37:03,826,84,42
2021-08-01 09:38:03,837,84,42
2021-08-01 09:39:03,835,84,42
2021-08-01 09:40:03,827,84,42
2021-08-01 09:41:03,851,84,42
2021-08-01 09:42:03,846,84,42
2021-08-01 09:43:03,838,84,42
2021-08-01 09:44:03,827,84,42
2021-08-01 09:45:04,825,84,42
2021-08-01 09:46:04,820,84,42
2021-08-01 09:47:04,828,84,42
2021-08-01 09:48:04,833,84,42
2021-08-01 09:49:04,809,84,42
2021-08-01 09:50:04,801,84,42
2021-08-01 09:51:04,795,84,42
2021-08-01 09:52:05,793,84,42
2021-08-01 09:53:05,806,84,42
2021-08-01 09:54:05,812,84,42
2021-08-01 09:55:05,832,84,42
2021-08-01 09:56:05,831,84,42
2021-08-01 09:57:05,813,84,42
2021-08-01 09:58:05,832,84,42
2021-08-01 09:59:05,809,84,42
2021-08-01 10:00:06,825,84,42
2021-08-01 10:01:06,822,84,42
2021-08-01 10:02:06,797,84,42
2021-08-01 10:03:06,812,84,42
2021-08-01 10:04:06,805,84,42
2021-08-01 10:05:06,846,84,42
2021-08-01 10:06:06,861,84,42
2021-08-01 10:07:06,858,84,42
2021-08-01 10:08:07,847,84,42
2021-08-01 10:09:07,834,84,42
2021-08-01 10:10:07,854,84,42
2021-08-01 10:11:07,852,84,42
2021-08-01 10:12:07,851,84,42
2021-08-01 10:13:07,861,84,42
2021-08-01 10:14:07,855,84,42
2021-08-01 10:15:07,836,84,42
2021-08-01 10:16:08,871,84,42
2021-08-01 10:17:08,868,84,42
2021-08-01 10:18:08,871,84,43
2021-08-01 10:19:08,829,84,42
2021-08-01 10:20:08,844,85,42
2021-08-01 10:21:08,841,84,43
2021-08-01 10:22:08,795,84,42
2021-08-01 10:23:08,850,85,42
2021-08-01 10:24:09,846,84,42
2021-08-01 10:25:09,886,85,42
2021-08-01 10:26:09,857,84,42
2021-08-01 10:27:09,864,85,42
2021-08-01 10:28:09,864,85,42
2021-08-01 10:29:09,867,85,42
2021-08-01 10:30:09,885,85,42
2021-08-01 10:31:10,886,85,42
2021-08-01 10:32:10,888,84,43
2021-08-01 10:33:10,880,85,42
2021-08-01 10:34:10,912,85,42
2021-08-01 10:35:10,900,85,42
2021-08-01 10:36:10,894,85,42
2021-08-01 10:37:10,888,85,42
2021-08-01 10:38:11,866,85,42
2021-08-01 10:39:11,864,85,42
2021-08-01 10:40:11,849,85,42
2021-08-01 10:41:11,861,85,42
2021-08-01 10:42:11,862,85,42
2021-08-01 10:43:11,867,85,42
2021-08-01 10:44:11,877,85,42
2021-08-01 10:45:12,876,85,42
2021-08-01 10:46:12,881,85,42
2021-08-01 10:47:12,866,85,42
2021-08-01 10:48:12,880,85,42
2021-08-01 10:49:12,895,85,42
2021-08-01 10:50:12,916,85,43
2021-08-01 10:51:12,931,85,42
2021-08-01 10:52:12,895,85,42
2021-08-01 10:53:13,913,85,43
2021-08-01 10:54:13,887,85,43
2021-08-01 10:55:13,900,85,43
2021-08-01 10:56:13,910,85,43
2021-08-01 10:57:13,893,85,42
2021-08-01 10:58:13,904,85,43
2021-08-01 10:59:13,929,85,42
2021-08-01 11:00:13,921,85,42
2021-08-01 11:01:14,915,85,42
2021-08-01 11:02:14,935,85,42
2021-08-01 11:03:14,936,85,42
2021-08-01 11:04:14,928,85,42
2021-08-01 11:05:14,934,85,43
2021-08-01 11:06:14,928,85,42
2021-08-01 11:07:14,919,85,42
2021-08-01 11:08:14,897,85,42
2021-08-01 11:09:15,898,85,42
2021-08-01 11:10:15,938,85,42
2021-08-01 11:11:15,920,85,42
2021-08-01 11:12:15,916,85,41
2021-08-01 11:13:15,895,85,41
2021-08-01 11:14:15,899,85,41
2021-08-01 11:15:15,920,85,41
2021-08-01 11:16:15,922,85,42
2021-08-01 11:17:16,931,85,41
2021-08-01 11:18:16,934,85,42
2021-08-01 11:19:16,942,85,42
2021-08-01 11:20:16,927,85,42
2021-08-01 11:21:16,939,85,42
2021-08-01 11:22:16,923,85,42
2021-08-01 11:23:16,855,86,42
2021-08-01 11:24:16,877,85,42
2021-08-01 11:25:17,850,85,42
2021-08-01 11:26:17,864,85,42
2021-08-01 11:27:17,843,86,42
2021-08-01 11:28:17,851,86,42
2021-08-01 11:29:17,829,86,42
2021-08-01 11:30:17,835,86,42
2021-08-01 11:31:17,804,85,42
2021-08-01 11:32:17,839,86,42
2021-08-01 11:33:18,824,86,42
2021-08-01 11:34:18,835,85,42
2021-08-01 11:35:18,823,86,42
2021-08-01 11:36:18,825,86,42
2021-08-01 11:37:18,819,86,42
2021-08-01 11:38:18,787,86,42
2021-08-01 11:39:18,813,86,41
2021-08-01 11:40:19,843,85,42
2021-08-01 11:41:19,850,86,42
2021-08-01 11:42:19,920,86,42
2021-08-01 11:43:19,870,86,42
2021-08-01 11:44:19,871,86,42
2021-08-01 11:45:19,902,86,42
2021-08-01 11:46:19,907,86,42
2021-08-01 11:47:19,884,86,42
2021-08-01 11:48:20,896,86,41
2021-08-01 11:49:20,857,86,41
2021-08-01 11:50:20,843,86,42
2021-08-01 11:51:20,849,86,41
2021-08-01 11:52:20,845,86,42
2021-08-01 11:53:20,871,86,42
2021-08-01 11:54:20,868,86,42
2021-08-01 11:55:20,866,86,42
2021-08-01 11:56:21,867,86,41
2021-08-01 11:57:21,859,86,41
2021-08-01 11:58:21,847,86,42
2021-08-01 11:59:21,835,86,42
2021-08-01 12:00:21,851,86,41
2021-08-01 12:01:21,851,86,42
2021-08-01 12:02:21,886,86,42
2021-08-01 12:03:21,903,86,42
2021-08-01 12:04:22,915,86,42
2021-08-01 12:05:22,910,86,42
2021-08-01 12:06:22,891,86,42
2021-08-01 12:07:22,874,86,42
2021-08-01 12:08:22,882,86,42
2021-08-01 12:09:22,879,86,42
2021-08-01 12:10:22,890,86,42
2021-08-01 12:11:22,894,86,42
2021-08-01 12:12:23,886,86,42
2021-08-01 12:13:23,881,86,42
2021-08-01 12:14:23,891,86,42
2021-08-01 12:15:23,882,86,42
2021-08-01 12:16:23,885,86,42
2021-08-01 12:17:23,872,86,43
2021-08-01 12:18:23,884,86,43
2021-08-01 12:19:23,882,86,42
2021-08-01 12:20:24,876,86,42
2021-08-01 12:21:24,861,86,42
2021-08-01 12:22:24,844,86,42
2021-08-01 12:23:24,843,86,42
2021-08-01 12:24:24,849,86,42
2021-08-01 12:25:24,862,86,42
2021-08-01 12:26:25,849,86,42
2021-08-01 12:27:25,868,86,42
2021-08-01 12:28:25,855,86,42
2021-08-01 12:29:25,860,86,42
2021-08-01 12:30:25,866,86,42
2021-08-01 12:31:25,851,86,42
2021-08-01 12:32:25,851,86,42
2021-08-01 12:33:25,847,86,42
2021-08-01 12:34:26,852,86,42
2021-08-01 12:35:26,880,86,42
2021-08-01 12:36:26,883,86,42
2021-08-01 12:37:26,872,86,42
2021-08-01 12:38:26,857,86,42
2021-08-01 12:39:26,853,86,42
2021-08-01 12:40:26,847,87,41
2021-08-01 12:41:26,864,86,42
2021-08-01 12:42:27,871,87,42
2021-08-01 12:43:27,847,86,42
2021-08-01 12:44:27,849,86,42
2021-08-01 12:45:27,823,86,42
2021-08-01 12:46:27,819,86,42
2021-08-01 12:47:27,816,86,42
2021-08-01 12:48:27,818,86,42
2021-08-01 12:49:27,825,86,42
2021-08-01 12:50:28,831,87,42
2021-08-01 12:51:28,835,86,42
2021-08-01 12:52:28,840,87,42
2021-08-01 12:53:28,831,87,41
2021-08-01 12:54:28,818,87,41
2021-08-01 12:55:28,796,87,42
2021-08-01 12:56:28,820,87,41
2021-08-01 12:57:28,799,86,42
2021-08-01 12:58:29,791,87,41
2021-08-01 12:59:29,802,86,42
2021-08-01 13:00:29,880,87,42
2021-08-01 13:01:29,879,87,42
2021-08-01 13:02:29,868,86,42
2021-08-01 13:03:29,869,87,41
2021-08-01 13:04:29,859,87,42
2021-08-01 13:05:29,849,86,42
2021-08-01 13:06:30,853,87,42
2021-08-01 13:07:30,840,87,42
2021-08-01 13:08:30,833,86,42
2021-08-01 13:09:30,868,87,41
2021-08-01 13:10:30,828,87,41
2021-08-01 13:11:30,806,87,41
2021-08-01 13:12:30,801,87,41
2021-08-01 13:13:31,795,87,41
2021-08-01 13:14:31,814,87,41
2021-08-01 13:15:31,835,87,42
2021-08-01 13:16:31,849,86,42
2021-08-01 13:17:31,860,87,42
2021-08-01 13:18:31,880,87,42
2021-08-01 13:19:31,886,87,41
2021-08-01 13:20:31,870,87,41
2021-08-01 13:21:32,840,87,41
2021-08-01 13:22:32,840,87,41
2021-08-01 13:23:32,827,87,41
2021-08-01 13:24:32,792,87,41
2021-08-01 13:25:32,787,87,41
2021-08-01 13:26:32,794,87,41
2021-08-01 13:27:32,792,87,41
2021-08-01 13:28:32,796,87,41
2021-08-01 13:29:33,779,87,41
2021-08-01 13:30:33,780,87,41
2021-08-01 13:31:33,781,87,41
2021-08-01 13:32:33,765,87,41
2021-08-01 13:33:33,753,87,41
2021-08-01 13:34:33,774,87,41
2021-08-01 13:35:33,770,87,41
2021-08-01 13:36:33,767,87,41
2021-08-01 13:37:34,769,87,41
2021-08-01 13:38:34,775,87,41
2021-08-01 13:39:34,760,87,41
2021-08-01 13:40:34,757,87,41
2021-08-01 13:41:34,782,87,41
2021-08-01 13:42:34,738,87,41
2021-08-01 13:43:34,752,87,41
2021-08-01 13:44:34,785,87,41
2021-08-01 13:45:35,770,87,41
2021-08-01 13:46:35,771,87,41
2021-08-01 13:47:35,756,87,41
2021-08-01 13:48:35,732,87,41
2021-08-01 13:49:35,758,87,41
2021-08-01 13:50:35,769,87,41
2021-08-01 13:51:35,777,87,41
2021-08-01 13:52:35,779,87,41
2021-08-01 13:53:36,769,87,41
2021-08-01 13:54:36,780,87,41
2021-08-01 13:55:36,778,87,41
2021-08-01 13:56:36,757,87,41
2021-08-01 13:57:36,762,87,41
2021-08-01 13:58:36,770,87,41
2021-08-01 13:59:36,765,87,41
2021-08-01 14:00:36,743,87,41
2021-08-01 14:01:37,730,87,41
2021-08-01 14:02:37,752,87,41
2021-08-01 14:03:37,764,87,41
2021-08-01 14:04:37,738,87,41
2021-08-01 14:05:37,736,87,41
2021-08-01 14:06:37,742,87,41
2021-08-01 14:07:37,703,87,41
2021-08-01 14:08:37,729,87,41
2021-08-01 14:09:38,724,87,41
2021-08-01 14:10:38,698,87,41
2021-08-01 14:11:38,696,87,41
2021-08-01 14:12:38,698,87,41
2021-08-01 14:13:38,692,87,41
2021-08-01 14:14:38,712,87,41
2021-08-01 14:15:38,690,87,41
2021-08-01 14:16:38,713,87,41
2021-08-01 14:17:39,692,87,41
2021-08-01 14:18:39,701,87,41
2021-08-01 14:19:39,726,87,41
2021-08-01 14:20:39,719,87,41
2021-08-01 14:21:39,702,87,41
2021-08-01 14:22:39,712,87,41
2021-08-01 14:23:39,719,87,41
2021-08-01 14:24:39,702,87,41
2021-08-01 14:25:40,687,87,41
2021-08-01 14:26:40,694,87,41
2021-08-01 14:27:40,704,87,41
2021-08-01 14:28:40,699,87,41
2021-08-01 14:29:40,687,87,41
2021-08-01 14:30:40,701,87,41
2021-08-01 14:31:40,688,87,41
2021-08-01 14:32:40,724,87,41
2021-08-01 14:33:41,676,87,41
2021-08-01 14:34:41,694,87,41
2021-08-01 14:35:41,705,87,41
2021-08-01 14:36:41,660,87,41
2021-08-01 14:37:41,670,88,41
2021-08-01 14:38:41,688,87,41
2021-08-01 14:39:41,665,87,41
2021-08-01 14:40:41,669,87,41
2021-08-01 14:41:42,669,87,41
2021-08-01 14:42:42,671,87,41
2021-08-01 14:43:42,671,87,41
2021-08-01 14:44:42,663,87,41
2021-08-01 14:45:42,669,87,41
2021-08-01 14:46:42,657,87,41
2021-08-01 14:47:42,627,87,41
2021-08-01 14:48:43,645,87,41
2021-08-01 14:49:43,652,87,41
2021-08-01 14:50:43,664,87,41
2021-08-01 14:51:43,658,87,41
2021-08-01 14:52:43,656,87,41
2021-08-01 14:53:43,658,87,41
2021-08-01 14:54:43,652,87,41
2021-08-01 14:55:44,642,87,41
2021-08-01 14:56:44,635,88,41
2021-08-01 14:57:44,635,87,41
2021-08-01 14:58:44,618,87,41
2021-08-01 14:59:44,650,88,41
2021-08-01 15:00:44,648,88,41
2021-08-01 15:01:44,647,87,41
2021-08-01 15:02:45,639,87,41
2021-08-01 15:03:45,638,87,41
2021-08-01 15:04:45,634,87,41
2021-08-01 15:05:45,631,87,41
2021-08-01 15:06:45,612,87,41
2021-08-01 15:07:45,644,87,41
2021-08-01 15:08:45,633,87,41
2021-08-01 15:09:45,634,88,41
2021-08-01 15:10:46,619,88,41
2021-08-01 15:11:46,618,88,41
2021-08-01 15:12:46,640,87,41
2021-08-01 15:13:46,605,88,41
2021-08-01 15:14:46,623,88,41
2021-08-01 15:15:46,620,87,41
2021-08-01 15:16:46,602,88,41
2021-08-01 15:17:47,614,87,41
2021-08-01 15:18:47,592,88,41
2021-08-01 15:19:47,591,87,41
2021-08-01 15:20:47,603,87,41
2021-08-01 15:21:47,605,88,41
2021-08-01 15:22:47,613,88,41
2021-08-01 15:23:47,616,87,41
2021-08-01 15:24:47,635,88,41
2021-08-01 15:25:48,620,87,41
2021-08-01 15:26:48,627,87,41
2021-08-01 15:27:48,615,88,41
2021-08-01 15:28:48,622,88,41
2021-08-01 15:29:48,630,88,41
2021-08-01 15:30:48,641,88,41
2021-08-01 15:31:48,637,87,41
2021-08-01 15:32:49,674,87,42
2021-08-01 15:33:49,655,87,42
2021-08-01 15:34:49,661,87,42
2021-08-01 15:35:49,658,87,41
2021-08-01 15:36:49,653,87,41
2021-08-01 15:37:49,643,87,41
2021-08-01 15:38:50,658,87,40
2021-08-01 15:39:50,640,87,40
2021-08-01 15:40:50,631,87,39
2021-08-01 15:41:50,632,87,39
2021-08-01 15:42:50,629,87,39
2021-08-01 15:43:50,624,87,39
2021-08-01 15:44:51,646,87,39
2021-08-01 15:45:51,625,86,38
2021-08-01 15:46:51,624,86,38
2021-08-01 15:47:51,616,86,38
2021-08-01 15:48:51,627,86,38
2021-08-01 15:49:51,619,86,38
2021-08-01 15:50:51,649,86,38
2021-08-01 15:51:51,598,86,38
2021-08-01 15:52:52,613,86,38
2021-08-01 15:53:52,616,85,38
2021-08-01 15:54:52,610,86,38
2021-08-01 15:55:52,622,85,38
2021-08-01 15:56:52,611,85,38
2021-08-01 15:57:52,612,86,38
2021-08-01 15:58:52,595,86,37
2021-08-01 15:59:52,604,85,37
2021-08-01 16:00:52,617,85,37
2021-08-01 16:01:53,612,85,37
2021-08-01 16:02:53,622,85,37
2021-08-01 16:03:53,601,85,37
2021-08-01 16:04:53,543,85,37
2021-08-01 16:05:53,623,85,37
2021-08-01 16:06:53,602,85,37
2021-08-01 16:07:53,610,85,37
2021-08-01 16:08:54,614,85,37
2021-08-01 16:09:54,600,85,37
2021-08-01 16:10:54,606,85,37
2021-08-01 16:11:54,604,85,37
2021-08-01 16:12:54,602,85,37
2021-08-01 16:13:54,599,85,37
2021-08-01 16:14:54,596,85,37
2021-08-01 16:15:54,609,85,37
2021-08-01 16:16:55,581,85,37
2021-08-01 16:17:55,621,85,37
2021-08-01 16:18:55,645,85,37
2021-08-01 16:19:55,612,85,37
2021-08-01 16:20:55,643,85,37
2021-08-01 16:21:55,619,85,37
2021-08-01 16:22:55,593,84,37
2021-08-01 16:23:55,601,85,37
2021-08-01 16:24:56,622,85,37
2021-08-01 16:25:56,612,85,37
2021-08-01 16:26:56,605,84,37
2021-08-01 16:27:56,615,85,36
2021-08-01 16:28:56,620,84,37
2021-08-01 16:29:56,609,84,36
2021-08-01 16:30:56,607,85,36
2021-08-01 16:31:56,603,85,37
2021-08-01 16:32:57,617,85,36
2021-08-01 16:33:57,596,85,36
2021-08-01 16:34:57,602,85,36
2021-08-01 16:35:57,603,84,36
2021-08-01 16:36:57,596,85,36
2021-08-01 16:37:57,623,84,36
2021-08-01 16:38:57,611,84,36
2021-08-01 16:39:57,620,85,36
2021-08-01 16:40:58,643,84,36
2021-08-01 16:41:58,599,84,36
2021-08-01 16:42:58,598,84,36
2021-08-01 16:43:58,607,84,36
2021-08-01 16:44:58,591,84,36
2021-08-01 16:45:58,598,84,36
2021-08-01 16:46:58,599,84,36
2021-08-01 16:47:58,591,84,36
2021-08-01 16:48:59,581,84,36
2021-08-01 16:49:59,586,84,36
2021-08-01 16:50:59,593,84,36
2021-08-01 16:51:59,597,84,36
2021-08-01 16:52:59,567,84,36
2021-08-01 16:53:59,587,84,36
2021-08-01 16:54:59,598,84,36
2021-08-01 16:55:59,593,84,36
2021-08-01 16:57:00,606,84,36
2021-08-01 16:58:00,607,84,36
2021-08-01 16:59:00,573,84,36
2021-08-01 17:00:00,635,84,36
2021-08-01 17:01:00,586,84,36
2021-08-01 17:02:00,591,84,36
2021-08-01 17:03:01,603,84,36
2021-08-01 17:04:01,564,84,36
2021-08-01 17:05:01,580,84,36
2021-08-01 17:06:01,587,84,36
2021-08-01 17:07:01,575,84,36
2021-08-01 17:08:01,580,84,36
2021-08-01 17:09:02,577,84,36
2021-08-01 17:10:02,577,84,36
2021-08-01 17:11:02,601,84,36
2021-08-01 17:12:02,571,84,36
2021-08-01 17:13:02,624,84,36
2021-08-01 17:14:02,577,84,36
2021-08-01 17:15:02,559,84,36
2021-08-01 17:16:02,600,84,36
2021-08-01 17:17:03,582,84,36
2021-08-01 17:18:03,573,84,36
2021-08-01 17:19:03,568,84,36
2021-08-01 17:20:03,603,84,36
2021-08-01 17:21:03,570,84,36
2021-08-01 17:22:03,571,84,36
2021-08-01 17:23:03,563,84,36
2021-08-01 17:24:03,574,84,36
2021-08-01 17:25:04,568,83,36
2021-08-01 17:26:04,597,84,36
2021-08-01 17:27:04,575,83,36
2021-08-01 17:28:04,585,83,36
2021-08-01 17:29:04,564,84,36
2021-08-01 17:30:04,563,84,36
2021-08-01 17:31:04,564,83,36
2021-08-01 17:32:04,578,83,36
2021-08-01 17:33:05,575,83,36
2021-08-01 17:34:05,565,84,36
2021-08-01 17:35:05,574,83,36
2021-08-01 17:36:05,571,84,36
2021-08-01 17:37:05,567,83,36
2021-08-01 17:38:05,566,84,36
2021-08-01 17:39:05,587,83,36
2021-08-01 17:40:05,561,83,36
2021-08-01 17:41:06,558,84,36
2021-08-01 17:42:06,568,84,36
2021-08-01 17:43:06,594,84,36
2021-08-01 17:44:06,573,83,36
2021-08-01 17:45:06,562,84,36
2021-08-01 17:46:06,568,83,36
2021-08-01 17:47:06,568,83,36
2021-08-01 17:48:06,568,83,36
2021-08-01 17:49:07,565,83,36
2021-08-01 17:50:07,613,84,36
2021-08-01 17:51:07,580,83,36
2021-08-01 17:52:07,557,83,36
2021-08-01 17:53:07,564,83,36
2021-08-01 17:54:07,564,83,36
2021-08-01 17:55:07,570,83,36
2021-08-01 17:56:07,566,83,36
2021-08-01 17:57:08,564,83,36
2021-08-01 17:58:08,552,83,36
2021-08-01 17:59:08,550,83,36
2021-08-01 18:00:08,546,83,36
2021-08-01 18:01:08,569,83,36
2021-08-01 18:02:08,575,83,36
2021-08-01 18:03:08,561,83,36
2021-08-01 18:04:08,561,83,36
2021-08-01 18:05:09,558,83,36
2021-08-01 18:06:09,552,83,36
2021-08-01 18:07:09,553,83,36
2021-08-01 18:08:09,523,83,36
2021-08-01 18:09:09,570,83,36
2021-08-01 18:10:09,548,83,36
2021-08-01 18:11:09,569,83,36
2021-08-01 18:12:10,563,83,36
2021-08-01 18:13:10,545,83,36
2021-08-01 18:14:10,568,83,36
2021-08-01 18:15:10,544,83,36
2021-08-01 18:16:10,545,83,36
2021-08-01 18:17:10,561,83,36
2021-08-01 18:18:10,545,83,36
2021-08-01 18:19:10,544,83,36
2021-08-01 18:20:11,545,83,36
2021-08-01 18:21:11,540,83,36
2021-08-01 18:22:11,554,83,36
2021-08-01 18:23:11,565,83,36
2021-08-01 18:24:11,545,83,36
2021-08-01 18:25:11,548,83,36
2021-08-01 18:26:11,540,83,36
2021-08-01 18:27:11,543,83,36
2021-08-01 18:28:12,547,83,36
2021-08-01 18:29:12,546,83,36
2021-08-01 18:30:12,568,83,36
2021-08-01 18:31:12,545,83,36
2021-08-01 18:32:12,540,83,36
2021-08-01 18:33:12,546,83,36
2021-08-01 18:34:12,536,83,36
2021-08-01 18:35:12,541,82,36
2021-08-01 18:36:13,532,83,36
2021-08-01 18:37:13,536,83,36
2021-08-01 18:38:13,550,82,36
2021-08-01 18:39:13,546,83,36
2021-08-01 18:40:13,550,83,36
2021-08-01 18:41:13,539,83,36
2021-08-01 18:42:13,560,83,35
2021-08-01 18:43:13,539,83,36
2021-08-01 18:44:14,536,83,36
2021-08-01 18:45:14,534,83,36
2021-08-01 18:46:14,550,83,36
2021-08-01 18:47:14,525,83,35
2021-08-01 18:48:14,551,83,36
2021-08-01 18:49:14,549,83,35
2021-08-01 18:50:14,541,83,35
2021-08-01 18:51:14,560,82,36
2021-08-01 18:52:15,538,82,36
2021-08-01 18:53:15,543,82,36
2021-08-01 18:54:15,545,83,36
2021-08-01 18:55:15,541,82,36
2021-08-01 18:56:15,537,82,36
2021-08-01 18:57:15,529,82,36
2021-08-01 18:58:15,539,83,35
2021-08-01 18:59:15,532,83,35
2021-08-01 19:00:16,518,82,36
2021-08-01 19:01:16,525,82,36
2021-08-01 19:02:16,519,82,36
2021-08-01 19:03:16,526,82,35
2021-08-01 19:04:16,530,82,36
2021-08-01 19:05:16,532,83,35
2021-08-01 19:06:17,564,83,35
2021-08-01 19:07:17,544,83,35
2021-08-01 19:08:17,541,83,36
2021-08-01 19:09:17,564,83,35
2021-08-01 19:10:17,545,83,36
2021-08-01 19:11:17,534,83,36
2021-08-01 19:12:17,534,83,36
2021-08-01 19:13:18,560,83,35
2021-08-01 19:14:18,537,83,35
2021-08-01 19:15:18,535,83,36
2021-08-01 19:16:18,537,83,35
2021-08-01 19:17:18,531,84,35
2021-08-01 19:18:18,513,84,35
2021-08-01 19:19:18,520,83,35
2021-08-01 19:20:18,523,83,35
2021-08-01 19:21:18,509,84,35
2021-08-01 19:22:19,545,84,35
2021-08-01 19:23:19,538,84,35
2021-08-01 19:24:19,529,83,35
2021-08-01 19:25:19,520,83,35
2021-08-01 19:26:19,506,84,35
2021-08-01 19:27:19,530,84,35
2021-08-01 19:28:19,516,84,35
2021-08-01 19:29:19,537,83,35
2021-08-01 19:30:20,523,83,35
2021-08-01 19:31:20,527,84,35
2021-08-01 19:32:20,518,83,35
2021-08-01 19:33:20,529,83,35
2021-08-01 19:34:20,527,83,35
2021-08-01 19:35:20,533,84,35
2021-08-01 19:36:20,504,83,35
2021-08-01 19:37:20,511,83,35
2021-08-01 19:38:21,505,84,35
2021-08-01 19:39:21,505,84,35
2021-08-01 19:40:21,489,84,35
2021-08-01 19:41:21,509,83,35
2021-08-01 19:42:21,521,83,35
2021-08-01 19:43:21,516,84,35
2021-08-01 19:44:21,502,84,35
2021-08-01 19:45:21,521,83,35
2021-08-01 19:46:22,498,84,35
2021-08-01 19:47:22,503,83,35
2021-08-01 19:48:22,500,83,35
2021-08-01 19:49:22,516,83,35
2021-08-01 19:50:22,510,84,35
2021-08-01 19:51:22,509,83,35
2021-08-01 19:52:22,493,84,35
2021-08-01 19:53:23,495,83,35
2021-08-01 19:54:23,496,83,35
2021-08-01 19:55:23,493,83,35
2021-08-01 19:56:23,500,83,35
2021-08-01 19:57:23,505,84,35
2021-08-01 19:58:23,496,84,35
2021-08-01 19:59:23,507,83,35
2021-08-01 20:00:23,488,84,35
2021-08-01 20:01:24,483,84,35
2021-08-01 20:02:24,484,83,35
2021-08-01 20:03:24,503,83,35
2021-08-01 20:04:24,479,84,35
2021-08-01 20:05:24,495,83,35
2021-08-01 20:06:24,495,84,35
2021-08-01 20:07:24,491,84,35
2021-08-01 20:08:24,479,83,35
2021-08-01 20:09:25,486,83,35
2021-08-01 20:10:25,496,83,35
2021-08-01 20:11:25,491,83,35
2021-08-01 20:12:25,466,83,35
2021-08-01 20:13:25,478,83,35
2021-08-01 20:14:25,476,83,35
2021-08-01 20:15:25,525,83,35
2021-08-01 20:16:25,508,83,35
2021-08-01 20:17:26,482,83,35
2021-08-01 20:18:26,497,83,35
2021-08-01 20:19:26,482,83,35
2021-08-01 20:20:26,477,83,35
2021-08-01 20:21:26,494,83,35
2021-08-01 20:22:26,489,83,35
2021-08-01 20:23:26,451,83,35
2021-08-01 20:24:27,482,83,35
2021-08-01 20:25:27,491,83,35
2021-08-01 20:26:27,474,83,35
2021-08-01 20:27:27,482,83,35
2021-08-01 20:28:27,473,83,35
2021-08-01 20:29:27,462,83,35
2021-08-01 20:30:27,476,83,35
2021-08-01 20:31:27,477,83,35
2021-08-01 20:32:28,463,83,35
2021-08-01 20:33:28,466,83,35
2021-08-01 20:34:28,451,83,35
2021-08-01 20:35:28,469,83,35
2021-08-01 20:36:28,486,83,35
2021-08-01 20:37:28,464,83,35
2021-08-01 20:38:28,478,83,35
2021-08-01 20:39:28,477,83,36
2021-08-01 20:40:29,465,83,35
2021-08-01 20:41:29,482,83,35
2021-08-01 20:42:29,467,83,36
2021-08-01 20:43:29,468,83,35
2021-08-01 20:44:29,473,83,36
2021-08-01 20:45:29,475,83,36
2021-08-01 20:46:29,465,83,37
2021-08-01 20:47:29,481,83,37
2021-08-01 20:48:30,480,83,37
2021-08-01 20:49:30,482,83,37
2021-08-01 20:50:30,482,83,37
2021-08-01 20:51:30,473,83,36
2021-08-01 20:52:30,481,83,37
2021-08-01 20:53:30,493,84,36
2021-08-01 20:54:30,489,84,36
2021-08-01 20:55:30,509,84,36
2021-08-01 20:56:31,497,84,36
2021-08-01 20:57:31,516,84,36
2021-08-01 20:58:31,504,84,36
2021-08-01 20:59:31,506,84,36
2021-08-01 21:00:31,509,84,36
2021-08-01 21:01:31,501,84,36
2021-08-01 21:02:31,532,84,36
2021-08-01 21:03:31,498,84,36
2021-08-01 21:04:32,508,84,36
2021-08-01 21:05:32,500,84,36
2021-08-01 21:06:32,494,84,36
2021-08-01 21:07:32,502,84,36
2021-08-01 21:08:32,510,84,36
2021-08-01 21:09:32,515,84,36
2021-08-01 21:10:32,508,84,36
2021-08-01 21:11:32,494,84,36
2021-08-01 21:12:33,487,84,36
2021-08-01 21:13:33,477,84,36
2021-08-01 21:14:33,488,84,36
2021-08-01 21:15:33,488,84,36
2021-08-01 21:16:33,503,84,36
2021-08-01 21:17:33,480,84,36
2021-08-01 21:18:34,482,84,37
2021-08-01 21:19:34,491,84,37
2021-08-01 21:20:34,486,84,37
2021-08-01 21:21:34,499,84,37
2021-08-01 21:22:34,496,84,37
2021-08-01 21:23:34,498,84,37
2021-08-01 21:24:34,495,84,37
2021-08-01 21:25:34,503,84,37
2021-08-01 21:26:35,513,84,37
2021-08-01 21:27:35,512,84,37
2021-08-01 21:28:35,510,84,37
2021-08-01 21:29:35,520,84,37
2021-08-01 21:30:35,508,84,37
2021-08-01 21:31:35,509,84,37
2021-08-01 21:32:35,505,84,37
2021-08-01 21:33:35,521,84,37
2021-08-01 21:34:36,520,84,37
2021-08-01 21:35:36,516,84,37
2021-08-01 21:36:36,536,84,37
2021-08-01 21:37:36,518,84,37
2021-08-01 21:38:36,514,84,37
2021-08-01 21:39:36,505,84,37
2021-08-01 21:40:36,512,84,37
2021-08-01 21:41:36,505,85,37
2021-08-01 21:42:36,523,84,37
2021-08-01 21:43:37,506,84,37
2021-08-01 21:44:37,514,84,37
2021-08-01 21:45:37,520,84,37
2021-08-01 21:46:37,511,85,37
2021-08-01 21:47:37,506,84,37
2021-08-01 21:48:37,517,84,37
2021-08-01 21:49:38,506,84,37
2021-08-01 21:50:38,497,85,37
2021-08-01 21:51:38,500,85,37
2021-08-01 21:52:38,493,84,37
2021-08-01 21:53:38,503,84,36
2021-08-01 21:54:38,500,84,36
2021-08-01 21:55:38,498,84,37
2021-08-01 21:56:38,496,84,38
2021-08-01 21:57:38,492,84,37
2021-08-01 21:58:38,495,84,38
2021-08-01 21:59:39,495,84,37
2021-08-01 22:00:39,501,84,38
2021-08-01 22:01:39,506,84,38
2021-08-01 22:02:39,511,84,37
2021-08-01 22:03:39,511,84,37
2021-08-01 22:04:39,523,84,38
2021-08-01 22:05:39,527,84,37
2021-08-01 22:06:40,532,84,37
2021-08-01 22:07:40,531,84,37
2021-08-01 22:08:40,522,84,37
2021-08-01 22:09:40,516,84,37
2021-08-01 22:10:40,513,84,37
2021-08-01 22:11:40,516,84,37
2021-08-01 22:12:40,528,84,37
2021-08-01 22:13:40,523,84,37
2021-08-01 22:14:41,519,84,37
2021-08-01 22:15:41,517,84,37
2021-08-01 22:16:41,525,84,37
2021-08-01 22:17:41,521,84,37
2021-08-01 22:18:41,515,84,37
2021-08-01 22:19:41,517,84,37
2021-08-01 22:20:41,522,85,37
2021-08-01 22:21:42,515,84,38
2021-08-01 22:22:42,537,84,37
2021-08-01 22:23:42,524,84,37
2021-08-01 22:24:42,514,85,37
2021-08-01 22:25:42,511,84,37
2021-08-01 22:26:42,512,85,37
2021-08-01 22:27:42,506,84,37
2021-08-01 22:28:42,516,84,37
2021-08-01 22:29:43,509,85,37
2021-08-01 22:30:43,515,85,37
2021-08-01 22:31:43,499,85,37
2021-08-01 22:32:43,503,84,37
2021-08-01 22:33:43,502,84,37
2021-08-01 22:34:43,517,84,36
2021-08-01 22:35:43,519,84,37
2021-08-01 22:36:43,505,84,38
2021-08-01 22:37:43,501,84,38
2021-08-01 22:38:44,505,84,38
2021-08-01 22:39:44,519,84,37
2021-08-01 22:40:44,513,84,38
2021-08-01 22:41:44,506,84,37
2021-08-01 22:42:44,520,84,37
2021-08-01 22:43:44,512,84,37
2021-08-01 22:44:45,517,84,37
2021-08-01 22:45:45,520,84,37
2021-08-01 22:46:45,523,84,37
2021-08-01 22:47:45,520,84,37
2021-08-01 22:48:45,528,84,37
2021-08-01 22:49:45,524,84,37
2021-08-01 22:50:45,522,84,37
2021-08-01 22:51:45,539,85,37
2021-08-01 22:52:46,521,84,37
2021-08-01 22:53:46,523,84,37
2021-08-01 22:54:46,524,84,38
2021-08-01 22:55:46,528,84,37
2021-08-01 22:56:46,523,84,38
2021-08-01 22:57:46,536,84,37
2021-08-01 22:58:46,524,84,38
2021-08-01 22:59:46,519,84,37
2021-08-01 23:00:47,522,84,38
2021-08-01 23:01:47,521,83,39
2021-08-01 23:02:47,519,82,40
2021-08-01 23:03:47,523,82,41
2021-08-01 23:04:47,520,81,41
2021-08-01 23:05:47,515,81,41
2021-08-01 23:06:47,513,81,42
2021-08-01 23:07:47,512,81,42
2021-08-01 23:08:48,514,80,42
2021-08-01 23:09:48,516,80,42
2021-08-01 23:10:48,509,80,43
2021-08-01 23:11:48,510,80,43
2021-08-01 23:12:48,509,80,43
2021-08-01 23:13:48,507,80,43
2021-08-01 23:14:48,507,79,43
2021-08-01 23:15:49,506,79,44
2021-08-01 23:16:49,508,79,44
2021-08-01 23:17:49,510,79,44
2021-08-01 23:18:49,509,79,44
2021-08-01 23:19:49,507,79,44
2021-08-01 23:20:49,508,79,44
2021-08-01 23:21:49,510,79,44
2021-08-01 23:22:49,509,79,44
2021-08-01 23:23:50,505,79,44
2021-08-01 23:24:50,507,79,44
2021-08-01 23:25:50,505,79,44
2021-08-01 23:26:50,500,79,45
2021-08-01 23:27:50,498,79,45
2021-08-01 23:28:50,498,79,45
2021-08-01 23:29:50,500,79,45
2021-08-01 23:30:50,500,79,45
2021-08-01 23:31:51,502,79,45
2021-08-01 23:32:51,502,78,45
2021-08-01 23:33:51,503,78,45
2021-08-01 23:34:51,502,78,45
2021-08-01 23:35:51,501,78,45
2021-08-01 23:36:51,503,78,45
2021-08-01 23:37:51,503,78,45
2021-08-01 23:38:51,501,78,45
2021-08-01 23:39:51,500,78,45
2021-08-01 23:40:52,499,78,45
2021-08-01 23:41:52,500,78,45
2021-08-01 23:42:52,500,78,45
2021-08-01 23:43:52,499,78,45
2021-08-01 23:44:52,494,78,46
2021-08-01 23:45:52,494,78,46
2021-08-01 23:46:52,495,78,46
2021-08-01 23:47:52,496,78,46
2021-08-01 23:48:53,497,78,46
2021-08-01 23:49:53,499,78,46
2021-08-01 23:50:53,497,78,46
2021-08-01 23:51:53,496,78,46
2021-08-01 23:52:53,498,78,46
2021-08-01 23:53:53,497,78,46
2021-08-01 23:54:53,496,78,46
2021-08-01 23:55:53,493,78,46
2021-08-01 23:56:54,492,78,46
2021-08-01 23:57:54,491,78,46
2021-08-01 23:58:54,489,78,46
2021-08-01 23:59:54,487,78,46
2021-08-02 00:00:54,486,78,46
2021-08-02 00:01:54,485,78,46
2021-08-02 00:02:54,484,78,46
2021-08-02 00:03:55,486,78,46
2021-08-02 00:04:55,488,78,46
2021-08-02 00:05:55,488,78,46
2021-08-02 00:06:55,488,78,46
2021-08-02 00:07:55,489,78,46
2021-08-02 00:08:55,491,78,46
2021-08-02 00:09:55,492,78,46
2021-08-02 00:10:55,492,78,46
2021-08-02 00:11:56,495,78,46
2021-08-02 00:12:56,498,78,46
2021-08-02 00:13:56,497,78,46
2021-08-02 00:14:56,500,78,46
2021-08-02 00:15:56,501,77,46
2021-08-02 00:16:56,502,78,46
2021-08-02 00:17:56,500,78,46
2021-08-02 00:18:56,499,78,46
2021-08-02 00:19:57,499,78,46
2021-08-02 00:20:57,499,77,47
2021-08-02 00:21:57,500,77,47
2021-08-02 00:22:57,499,77,47
2021-08-02 00:23:57,497,77,47
2021-08-02 00:24:57,496,77,47
2021-08-02 00:25:57,497,77,47
2021-08-02 00:26:57,495,77,47
2021-08-02 00:27:58,492,77,47
2021-08-02 00:28:58,492,77,47
2021-08-02 00:29:58,493,77,47
2021-08-02 00:30:58,491,77,47
2021-08-02 00:31:58,493,77,47
2021-08-02 00:32:58,493,77,47
2021-08-02 00:33:58,492,77,47
2021-08-02 00:34:58,491,77,47
2021-08-02 00:35:59,491,77,47
2021-08-02 00:36:59,488,77,47
2021-08-02 00:37:59,489,77,47
2021-08-02 00:38:59,487,77,47
2021-08-02 00:39:59,488,77,47
2021-08-02 00:40:59,486,77,47
2021-08-02 00:41:59,487,77,47
2021-08-02 00:42:59,485,77,47
2021-08-02 00:44:00,485,77,47
2021-08-02 00:45:00,484,77,47
2021-08-02 00:46:00,484,77,47
2021-08-02 00:47:00,483,77,47
2021-08-02 00:48:00,484,77,47
2021-08-02 00:49:00,484,77,47
2021-08-02 00:50:00,483,77,47
2021-08-02 00:51:00,483,77,47
2021-08-02 00:52:01,481,77,47
2021-08-02 00:53:01,481,77,47
2021-08-02 00:54:01,481,77,47
2021-08-02 00:55:01,482,77,47
2021-08-02 00:56:01,481,77,47
2021-08-02 00:57:01,481,77,48
2021-08-02 00:58:01,483,77,48
2021-08-02 00:59:01,483,77,48
2021-08-02 01:00:02,484,77,48
2021-08-02 01:01:02,482,77,48
2021-08-02 01:02:02,480,77,48
2021-08-02 01:03:02,480,77,48
2021-08-02 01:04:02,483,77,48
2021-08-02 01:05:02,482,77,48
2021-08-02 01:06:02,481,77,48
2021-08-02 01:07:02,479,77,48
2021-08-02 01:08:03,481,77,48
2021-08-02 01:09:03,481,77,48
2021-08-02 01:10:03,485,77,48
2021-08-02 01:11:03,485,77,48
2021-08-02 01:12:03,487,77,48
2021-08-02 01:13:03,487,77,48
2021-08-02 01:14:03,486,77,48
2021-08-02 01:15:03,486,77,48
2021-08-02 01:16:04,482,77,48
2021-08-02 01:17:04,481,77,48
2021-08-02 01:18:04,480,77,48
2021-08-02 01:19:04,481,77,48
2021-08-02 01:20:04,482,77,48
2021-08-02 01:21:04,481,77,48
2021-08-02 01:22:04,480,77,48
2021-08-02 01:23:04,478,77,48
2021-08-02 01:24:05,477,77,48
2021-08-02 01:25:05,478,77,48
2021-08-02 01:26:05,477,77,48
2021-08-02 01:27:05,478,77,48
2021-08-02 01:28:05,481,77,48
2021-08-02 01:29:05,481,77,48
2021-08-02 01:30:05,482,77,48
2021-08-02 01:31:05,483,77,48
2021-08-02 01:32:06,481,77,48
2021-08-02 01:33:06,478,77,48
2021-08-02 01:34:06,479,77,48
2021-08-02 01:35:06,482,77,48
2021-08-02 01:36:06,480,77,48
2021-08-02 01:37:06,480,77,48
2021-08-02 01:38:06,479,77,48
2021-08-02 01:39:06,477,77,48
2021-08-02 01:40:07,476,77,48
2021-08-02 01:41:07,479,77,48
2021-08-02 01:42:07,477,77,48
2021-08-02 01:43:07,476,77,48
2021-08-02 01:44:07,478,77,48
2021-08-02 01:45:07,478,77,48
2021-08-02 01:46:07,477,77,48
2021-08-02 01:47:08,475,77,48
2021-08-02 01:48:08,476,76,48
2021-08-02 01:49:08,475,76,48
2021-08-02 01:50:08,475,76,49
2021-08-02 01:51:08,477,77,48
2021-08-02 01:52:08,479,76,48
2021-08-02 01:53:08,480,76,48
2021-08-02 01:54:08,479,77,48
2021-08-02 01:55:09,478,76,48
2021-08-02 01:56:09,477,76,48
2021-08-02 01:57:09,476,76,48
2021-08-02 01:58:09,475,76,49
2021-08-02 01:59:09,476,76,49
2021-08-02 02:00:09,475,76,49
2021-08-02 02:01:09,475,76,49
2021-08-02 02:02:09,475,76,49
2021-08-02 02:03:10,475,76,49
2021-08-02 02:04:10,474,76,49
2021-08-02 02:05:10,473,76,49
2021-08-02 02:06:10,475,76,49
2021-08-02 02:07:10,477,76,49
2021-08-02 02:08:10,475,76,49
2021-08-02 02:09:10,476,76,49
2021-08-02 02:10:10,478,76,49
2021-08-02 02:11:11,477,76,49
2021-08-02 02:12:11,477,76,49
2021-08-02 02:13:11,477,76,49
2021-08-02 02:14:11,475,76,49
2021-08-02 02:15:11,476,76,49
2021-08-02 02:16:11,473,76,49
2021-08-02 02:17:11,473,76,49
2021-08-02 02:18:11,472,76,49
2021-08-02 02:19:11,469,76,49
2021-08-02 02:20:12,470,76,49
2021-08-02 02:21:12,471,76,49
2021-08-02 02:22:12,471,76,49
2021-08-02 02:23:12,470,76,49
2021-08-02 02:24:12,469,76,49
2021-08-02 02:25:12,468,76,49
2021-08-02 02:26:12,467,76,49
2021-08-02 02:27:12,469,76,49
2021-08-02 02:28:13,468,76,49
2021-08-02 02:29:13,468,76,49
2021-08-02 02:30:13,468,76,49
2021-08-02 02:31:13,470,76,49
2021-08-02 02:32:13,470,76,49
2021-08-02 02:33:13,470,76,49
2021-08-02 02:34:13,471,76,49
2021-08-02 02:35:14,473,76,49
2021-08-02 02:36:14,470,76,49
2021-08-02 02:37:14,467,76,49
2021-08-02 02:38:14,469,76,49
2021-08-02 02:39:14,469,76,49
2021-08-02 02:40:14,468,76,49
2021-08-02 02:41:14,468,76,49
2021-08-02 02:42:14,470,76,49
2021-08-02 02:43:14,473,76,49
2021-08-02 02:44:15,472,76,49
2021-08-02 02:45:15,475,76,49
2021-08-02 02:46:15,475,76,49
2021-08-02 02:47:15,473,76,49
2021-08-02 02:48:15,473,76,49
2021-08-02 02:49:15,470,76,49
2021-08-02 02:50:15,469,76,49
2021-08-02 02:51:15,470,76,49
2021-08-02 02:52:16,467,76,50
2021-08-02 02:53:16,469,76,49
2021-08-02 02:54:16,472,76,50
2021-08-02 02:55:16,473,76,50
2021-08-02 02:56:16,473,76,50
2021-08-02 02:57:16,472,76,50
2021-08-02 02:58:16,471,76,50
2021-08-02 02:59:16,471,76,50
2021-08-02 03:00:17,469,76,50
2021-08-02 03:01:17,468,76,50
2021-08-02 03:02:17,468,76,50
2021-08-02 03:03:17,467,76,50
2021-08-02 03:04:17,468,76,50
2021-08-02 03:05:17,469,76,50
2021-08-02 03:06:17,468,76,50
2021-08-02 03:07:18,468,76,50
2021-08-02 03:08:18,468,76,50
2021-08-02 03:09:18,467,76,50
2021-08-02 03:10:18,466,76,50
2021-08-02 03:11:18,467,76,50
2021-08-02 03:12:18,466,76,50
2021-08-02 03:13:18,466,76,50
2021-08-02 03:14:18,468,76,50
2021-08-02 03:15:19,470,76,50
2021-08-02 03:16:19,472,76,50
2021-08-02 03:17:19,471,76,50
2021-08-02 03:18:19,467,76,50
2021-08-02 03:19:19,468,76,50
2021-08-02 03:20:19,471,76,50
2021-08-02 03:21:19,471,76,50
2021-08-02 03:22:19,470,76,50
2021-08-02 03:23:20,470,76,50
2021-08-02 03:24:20,470,76,50
2021-08-02 03:25:20,470,76,50
2021-08-02 03:26:20,469,76,50
2021-08-02 03:27:20,466,76,50
2021-08-02 03:28:20,461,76,50
2021-08-02 03:29:20,465,76,50
2021-08-02 03:30:20,465,76,50
2021-08-02 03:31:21,465,76,50
2021-08-02 03:32:21,464,76,50
2021-08-02 03:33:21,465,76,50
2021-08-02 03:34:21,464,76,50
2021-08-02 03:35:21,464,76,50
2021-08-02 03:36:21,463,76,50
2021-08-02 03:37:21,463,76,50
2021-08-02 03:38:21,463,76,50
2021-08-02 03:39:22,464,76,50
2021-08-02 03:40:22,462,76,50
2021-08-02 03:41:22,464,76,50
2021-08-02 03:42:22,465,76,50
2021-08-02 03:43:22,463,76,50
2021-08-02 03:44:22,460,76,50
2021-08-02 03:45:22,460,76,50
2021-08-02 03:46:22,458,76,50
2021-08-02 03:47:23,458,76,50
2021-08-02 03:48:23,458,76,50
2021-08-02 03:49:23,458,76,50
2021-08-02 03:50:23,458,76,50
2021-08-02 03:51:23,456,76,50
2021-08-02 03:52:23,458,76,50
2021-08-02 03:53:23,457,76,50
2021-08-02 03:54:23,457,76,50
2021-08-02 03:55:24,458,76,50
2021-08-02 03:56:24,457,76,50
2021-08-02 03:57:24,455,76,50
2021-08-02 03:58:24,452,76,50
2021-08-02 03:59:24,452,76,50
2021-08-02 04:00:24,451,76,50
2021-08-02 04:01:24,451,76,50
2021-08-02 04:02:24,449,76,50
2021-08-02 04:03:25,449,76,50
2021-08-02 04:04:25,448,76,50
2021-08-02 04:05:25,447,76,50
2021-08-02 04:06:25,445,76,50
2021-08-02 04:07:25,446,76,50
2021-08-02 04:08:25,443,76,50
2021-08-02 04:09:25,442,76,50
2021-08-02 04:10:25,444,76,50
2021-08-02 04:11:26,443,76,50
2021-08-02 04:12:26,442,76,50
2021-08-02 04:13:26,444,76,50
2021-08-02 04:14:26,444,76,50
2021-08-02 04:15:26,444,76,50
2021-08-02 04:16:26,444,76,50
2021-08-02 04:17:26,445,75,50
2021-08-02 04:18:26,443,75,50
2021-08-02 04:19:27,442,75,50
2021-08-02 04:20:27,444,75,50
2021-08-02 04:21:27,443,75,50
2021-08-02 04:22:27,442,75,50
2021-08-02 04:23:27,440,75,50
2021-08-02 04:24:27,439,75,50
2021-08-02 04:25:27,437,75,50
2021-08-02 04:26:28,435,75,50
2021-08-02 04:27:28,435,75,50
2021-08-02 04:28:28,437,75,50
2021-08-02 04:29:28,436,75,51
2021-08-02 04:30:28,437,75,50
2021-08-02 04:31:28,435,75,50
2021-08-02 04:32:28,435,75,51
2021-08-02 04:33:28,432,75,50
2021-08-02 04:34:29,432,75,50
2021-08-02 04:35:29,432,75,51
2021-08-02 04:36:29,432,75,50
2021-08-02 04:37:29,432,75,51
2021-08-02 04:38:29,431,75,51
2021-08-02 04:39:29,428,75,50
2021-08-02 04:40:29,428,75,51
2021-08-02 04:41:29,429,75,51
2021-08-02 04:42:30,430,75,51
2021-08-02 04:43:30,429,75,51
2021-08-02 04:44:30,426,75,51
2021-08-02 04:45:30,428,75,52
2021-08-02 04:46:30,426,75,51
2021-08-02 04:47:30,426,75,52
2021-08-02 04:48:30,427,75,51
2021-08-02 04:49:30,430,75,52
2021-08-02 04:50:31,431,75,52
2021-08-02 04:51:31,431,75,52
2021-08-02 04:52:31,435,75,52
2021-08-02 04:53:31,437,75,52
2021-08-02 04:54:31,437,75,51
2021-08-02 04:55:31,435,75,51
2021-08-02 04:56:31,438,75,52
2021-08-02 04:57:31,437,75,52
2021-08-02 04:58:32,435,75,52
2021-08-02 04:59:32,437,75,52
2021-08-02 05:00:32,442,76,50
2021-08-02 05:01:32,444,77,48
2021-08-02 05:02:32,448,78,47
2021-08-02 05:03:32,450,79,46
2021-08-02 05:04:32,450,79,45
2021-08-02 05:05:32,448,80,45
2021-08-02 05:06:33,445,80,45
2021-08-02 05:07:33,445,80,44
2021-08-02 05:08:33,444,80,44
2021-08-02 05:09:33,444,80,44
2021-08-02 05:10:33,442,81,44
2021-08-02 05:11:33,435,81,44
2021-08-02 05:12:33,442,81,44
2021-08-02 05:13:33,429,81,43
2021-08-02 05:14:34,438,81,43
2021-08-02 05:15:34,439,81,43
2021-08-02 05:16:34,442,81,43
2021-08-02 05:17:34,440,81,43
2021-08-02 05:18:34,460,81,43
2021-08-02 05:19:34,443,81,43
2021-08-02 05:20:34,452,81,43
2021-08-02 05:21:34,445,81,43
2021-08-02 05:22:35,443,82,42
2021-08-02 05:23:35,450,82,42
2021-08-02 05:24:35,445,82,42
2021-08-02 05:25:35,443,82,42
2021-08-02 05:26:35,445,82,42
2021-08-02 05:27:35,446,82,42
2021-08-02 05:28:35,455,82,42
2021-08-02 05:29:36,454,82,42
2021-08-02 05:30:36,454,82,42
2021-08-02 05:31:36,456,82,42
2021-08-02 05:32:36,457,82,42
2021-08-02 05:33:36,467,82,42
2021-08-02 05:34:36,459,82,42
2021-08-02 05:35:36,456,82,42
2021-08-02 05:36:36,460,82,42
2021-08-02 05:37:37,464,82,42
2021-08-02 05:38:37,472,82,42
2021-08-02 05:39:37,495,82,42
2021-08-02 05:40:37,488,82,41
2021-08-02 05:41:37,486,82,41
2021-08-02 05:42:37,491,82,41
2021-08-02 05:43:37,489,82,41
2021-08-02 05:44:37,487,83,41
2021-08-02 05:45:38,484,83,41
2021-08-02 05:46:38,486,82,42
2021-08-02 05:47:38,483,82,42
2021-08-02 05:48:38,483,82,42
2021-08-02 05:49:38,489,83,42
2021-08-02 05:50:38,486,83,41
2021-08-02 05:51:38,486,83,41
2021-08-02 05:52:38,477,83,41
2021-08-02 05:53:39,483,83,41
2021-08-02 05:54:39,492,83,42
2021-08-02 05:55:39,490,83,41
2021-08-02 05:56:39,511,83,41
2021-08-02 05:57:39,503,82,41
2021-08-02 05:58:39,500,83,41
2021-08-02 05:59:39,508,83,41
2021-08-02 06:00:39,508,83,41
2021-08-02 06:01:39,509,83,41
2021-08-02 06:02:40,513,83,41
2021-08-02 06:03:40,512,83,41
2021-08-02 06:04:40,512,83,42
2021-08-02 06:05:40,515,83,42
2021-08-02 06:06:40,516,83,42
2021-08-02 06:07:40,538,82,42
2021-08-02 06:08:40,527,83,42
2021-08-02 06:09:40,526,83,42
2021-08-02 06:10:41,531,83,42
2021-08-02 06:11:41,538,83,42
2021-08-02 06:12:41,538,83,42
2021-08-02 06:13:41,539,83,41
2021-08-02 06:14:41,544,83,41
2021-08-02 06:15:41,534,83,41
2021-08-02 06:16:41,536,83,41
2021-08-02 06:17:41,527,83,41
2021-08-02 06:18:42,532,83,41
2021-08-02 06:19:42,530,82,42
2021-08-02 06:20:42,531,83,42
2021-08-02 06:21:42,528,83,41
2021-08-02 06:22:42,525,83,42
2021-08-02 06:23:42,518,83,41
2021-08-02 06:24:42,517,83,41
2021-08-02 06:25:42,520,83,41
2021-08-02 06:26:43,523,83,42
2021-08-02 06:27:43,521,83,41
2021-08-02 06:28:43,524,83,41
2021-08-02 06:29:43,525,83,42
2021-08-02 06:30:43,522,83,41
2021-08-02 06:31:43,518,83,41
2021-08-02 06:32:43,511,83,41
2021-08-02 06:33:43,515,83,42
2021-08-02 06:34:43,509,83,41
2021-08-02 06:35:44,512,83,41
2021-08-02 06:36:44,520,83,41
2021-08-02 06:37:44,510,83,41
2021-08-02 06:38:44,509,83,41
2021-08-02 06:39:44,507,83,41
2021-08-02 06:40:44,516,83,41
2021-08-02 06:41:44,518,83,42
2021-08-02 06:42:45,520,83,41
2021-08-02 06:43:45,522,83,41
2021-08-02 06:44:45,519,83,41
2021-08-02 06:45:45,514,83,41
2021-08-02 06:46:45,513,83,41
2021-08-02 06:47:45,505,83,41
2021-08-02 06:48:45,519,83,41
2021-08-02 06:49:46,519,83,41
2021-08-02 06:50:46,515,83,41
2021-08-02 06:51:46,513,83,41
2021-08-02 06:52:46,511,83,41
2021-08-02 06:53:46,509,83,41
2021-08-02 06:54:46,509,83,41
2021-08-02 06:55:46,509,83,41
2021-08-02 06:56:46,509,83,41
2021-08-02 06:57:47,501,83,41
2021-08-02 06:58:47,507,83,41
2021-08-02 06:59:47,505,83,41
2021-08-02 07:00:47,504,83,41
2021-08-02 07:01:47,504,83,41
2021-08-02 07:02:47,504,83,41
2021-08-02 07:03:47,505,83,41
2021-08-02 07:04:47,507,83,41
2021-08-02 07:05:48,509,83,41
2021-08-02 07:06:48,508,83,41
2021-08-02 07:07:48,509,83,41
2021-08-02 07:08:48,511,83,41
2021-08-02 07:09:48,510,83,41
2021-08-02 07:10:48,509,83,41
2021-08-02 07:11:48,509,83,41
2021-08-02 07:12:48,506,83,41
2021-08-02 07:13:48,511,83,41
2021-08-02 07:14:49,509,83,41
2021-08-02 07:15:49,512,83,41
2021-08-02 07:16:49,510,83,41
2021-08-02 07:17:49,510,83,41
2021-08-02 07:18:49,509,83,41
2021-08-02 07:19:49,508,83,41
2021-08-02 07:20:49,507,83,41
2021-08-02 07:21:50,520,83,41
2021-08-02 07:22:50,513,83,41
2021-08-02 07:23:50,508,83,41
2021-08-02 07:24:50,508,83,41
2021-08-02 07:25:50,505,83,41
2021-08-02 07:26:50,505,83,41
2021-08-02 07:27:50,509,83,41
2021-08-02 07:28:50,515,83,41
2021-08-02 07:29:51,504,83,41
2021-08-02 07:30:51,522,83,41
2021-08-02 07:31:51,503,83,41
2021-08-02 07:32:51,503,83,41
2021-08-02 07:33:51,511,83,41
2021-08-02 07:34:51,499,83,41
2021-08-02 07:35:51,497,83,41
2021-08-02 07:36:52,506,83,41
2021-08-02 07:37:52,501,83,41
2021-08-02 07:38:52,500,83,41
2021-08-02 07:39:52,494,83,41
2021-08-02 07:40:52,500,83,41
2021-08-02 07:41:52,481,83,42
2021-08-02 07:42:52,444,83,43
2021-08-02 07:43:53,427,83,43
2021-08-02 07:44:53,424,83,43
2021-08-02 07:45:53,402,83,44
2021-08-02 07:46:53,402,83,44
2021-08-02 07:47:53,394,83,44
2021-08-02 07:48:53,386,83,44
2021-08-02 07:49:53,403,83,44
2021-08-02 07:50:53,396,83,44
2021-08-02 07:51:54,397,83,44
2021-08-02 07:52:54,383,83,44
2021-08-02 07:53:54,377,82,44
2021-08-02 07:54:54,390,82,44
2021-08-02 07:55:54,373,82,44
2021-08-02 07:56:54,380,82,44
2021-08-02 07:57:54,380,82,45
2021-08-02 07:58:54,374,82,44
2021-08-02 07:59:54,371,82,44
2021-08-02 08:00:55,380,82,45
2021-08-02 08:01:55,381,83,44
2021-08-02 08:02:55,378,83,44
2021-08-02 08:03:55,385,82,44
2021-08-02 08:04:55,385,83,44
2021-08-02 08:05:55,409,82,44
2021-08-02 08:06:55,381,82,44
2021-08-02 08:07:55,410,82,44
2021-08-02 08:08:56,387,82,45
2021-08-02 08:09:56,390,82,44
2021-08-02 08:10:56,397,82,44
2021-08-02 08:11:56,438,82,44
2021-08-02 08:12:56,430,82,44
2021-08-02 08:13:56,431,82,44
2021-08-02 08:14:56,440,82,43
2021-08-02 08:15:56,447,82,43
2021-08-02 08:16:57,478,83,43
2021-08-02 08:17:57,470,83,43
2021-08-02 08:18:57,475,83,43
2021-08-02 08:19:57,503,83,43
2021-08-02 08:20:57,468,83,43
2021-08-02 08:21:57,490,83,42
2021-08-02 08:22:57,482,83,42
2021-08-02 08:23:57,481,83,42
2021-08-02 08:24:57,487,83,42
2021-08-02 08:25:58,479,83,42
2021-08-02 08:26:58,479,83,42
2021-08-02 08:27:58,490,83,42
2021-08-02 08:28:58,480,83,42
2021-08-02 08:29:58,482,83,42
2021-08-02 08:30:58,480,83,42
2021-08-02 08:31:58,478,83,42
2021-08-02 08:32:58,481,83,42
2021-08-02 08:33:59,476,83,42
2021-08-02 08:34:59,491,83,42
2021-08-02 08:35:59,492,83,42
2021-08-02 08:36:59,491,83,42
2021-08-02 08:37:59,491,83,42
2021-08-02 08:38:59,498,83,42
2021-08-02 08:39:59,511,83,42
2021-08-02 08:40:59,509,83,42
2021-08-02 08:42:00,510,83,42
2021-08-02 08:43:00,518,83,42
2021-08-02 08:44:00,514,83,42
2021-08-02 08:45:00,512,83,42
2021-08-02 08:46:00,526,83,42
2021-08-02 08:47:00,516,83,42
2021-08-02 08:48:00,512,83,42
2021-08-02 08:49:01,508,83,42
2021-08-02 08:50:01,516,83,42
2021-08-02 08:51:01,510,83,42
2021-08-02 08:52:01,503,83,42
2021-08-02 08:53:01,498,83,42
2021-08-02 08:54:02,498,83,42
2021-08-02 08:55:02,502,83,42
2021-08-02 08:56:02,502,83,42
2021-08-02 08:57:02,499,83,42
2021-08-02 08:58:02,488,83,42
2021-08-02 08:59:02,499,83,42
2021-08-02 09:00:02,498,83,42
2021-08-02 09:01:02,493,83,42
2021-08-02 09:02:03,488,83,42
2021-08-02 09:03:03,494,83,42
2021-08-02 09:04:03,490,83,42
2021-08-02 09:05:03,486,83,42
2021-08-02 09:06:03,497,83,42
2021-08-02 09:07:03,487,83,42
2021-08-02 09:08:03,530,83,41
2021-08-02 09:09:03,516,83,42
2021-08-02 09:10:04,505,83,42
2021-08-02 09:11:04,506,83,42
2021-08-02 09:12:04,511,83,42
2021-08-02 09:13:04,497,83,42
2021-08-02 09:14:04,496,83,42
2021-08-02 09:15:04,492,83,42
2021-08-02 09:16:04,492,83,42
2021-08-02 09:17:04,493,83,42
2021-08-02 09:18:05,495,83,42
2021-08-02 09:19:05,499,83,42
2021-08-02 09:20:05,505,83,42
2021-08-02 09:21:05,495,83,42
2021-08-02 09:22:05,495,83,42
2021-08-02 09:23:05,495,83,42
2021-08-02 09:24:05,503,83,42
